ApName,Super Build／SS7,,,,,,,,,,,,,,
Version,1. 1. 1.14,,,,,,,,,,,,,,
工事名,佐川急便株式会社九州航空営業所新築工事,,,,,,,,,,,,,,
略称,事務所棟,,,,,,,,,,,,,,
結果名,結果1,,,,,,,,,,,,,,
出力日時,2020/9/7 9:39,,,,,,,,,,,,,,
,,,,,,,,,,,,,,,
,,,,,,,,,,,,,,,
name=基礎フーチング材料,,,,,,,,,,,,,,,
材料,Fc,長期許容応力度,,,短期許容応力度,,,,,,,,,,
,または,圧縮,引張,せん断,圧縮,引張,せん断,付着(fb),,,,,,,
,F値,,,,,,,上端筋,その他,,,,,,
,,,,,,,,,,,,,,,
,N/mm2,N/mm2,N/mm2,N/mm2,N/mm2,N/mm2,N/mm2,N/mm2,N/mm2,,,,,,
<data>,,,,,,,,,,,,,,,
Fc21(普通),21,7,,0.7,14,,1.05,1.14,1.43,<RE>,,,,,
SD295A(D16),295,195,195,195,295,295,295,,,<RE>,,,,,
,,,,,,,,,,,,,,,
,,,,,,,,,,,,,,,
name=独立基礎断面リスト,,,,,,,,,,,,,,,
符号,コンクリート,,,,配筋,,,,,,設計支持力,,,,
,Lx×Ly,せい,Df,材料,X方向,,,Y方向,,,支持力度,,,,
,,,,,本数-径,材料,dt,本数-径,材料,dt,長期,短期,,,
,mm,mm,mm,,,,mm,,,mm,kN/m2,kN/m2,,,
<data>,,,,,,,,,,,,,,,
F2,2000×1000,600,1000,Fc21,6-D16,SD295A,100,11-D16,SD295A,100,250,500,<RE>,,
F3,1000×3000,600,1000,Fc21,11-D16,SD295A,100,11-D16,SD295A,100,250,500,<RE>,,
,,,,,,,,,,,,,,,
,,,,,,,,,,,,,,,
name=基礎自重,,,,,,,,,,,,,,,
層,X軸,Y軸,符号,A,Df,Wf',Wg,Wf,,,,,,,
,,,,m2,m,kN,kN,kN,,,,,,,
<data>,,,,,,,,,,,,,,,
1SL,J1,JA,F2,2,1,32,8.1,40,<RE>,,,,,,
1SL,J2,JA,F2,2,1,28.7,11.4,40,<RE>,,,,,,
1SL,J3,JA,F2,2,1,32,8.1,40,<RE>,,,,,,
1SL,J1,JB,F2,2,1,30.8,9.3,40,<RE>,,,,,,
1SL,J2,JB,F3,3,1,43.2,16.8,60,<RE>,,,,,,
1SL,J3,JB,F2,2,1,30.8,9.3,40,<RE>,,,,,,
1SL,J1,JC,F2,2,1,30.8,9.3,40,<RE>,,,,,,
1SL,J2,JC,F3,3,1,43.2,16.8,60,<RE>,,,,,,
1SL,J3,JC,F2,2,1,30.8,9.3,40,<RE>,,,,,,
1SL,J1,JD,F2,2,1,30.8,9.3,40,<RE>,,,,,,
1SL,J2,JD,F3,3,1,43.2,16.8,60,<RE>,,,,,,
1SL,J3,JD,F2,2,1,30.8,9.3,40,<RE>,,,,,,
1SL,J1,JE,F2,2,1,32,8.1,40,<RE>,,,,,,
1SL,J2,JE,F2,2,1,28.7,11.4,40,<RE>,,,,,,
1SL,J3,JE,F2,2,1,32,8.1,40,<RE>,,,,,,
,,,,,,,,,,,,,,,
,,,,,,,,,,,,,,,
name=偏心距離,,,,,,,,,,,,,,,
層,X軸,Y軸,符号,ex,ey,,,,,,,,,,
,,,,mm,mm,,,,,,,,,,
<data>,,,,,,,,,,,,,,,
1SL,J1,JA,F2,0,0,<RE>,,,,,,,,,
1SL,J2,JA,F2,0,0,<RE>,,,,,,,,,
1SL,J3,JA,F2,0,0,<RE>,,,,,,,,,
1SL,J1,JB,F2,0,0,<RE>,,,,,,,,,
1SL,J2,JB,F3,0,0,<RE>,,,,,,,,,
1SL,J3,JB,F2,0,0,<RE>,,,,,,,,,
1SL,J1,JC,F2,0,0,<RE>,,,,,,,,,
1SL,J2,JC,F3,0,0,<RE>,,,,,,,,,
1SL,J3,JC,F2,0,0,<RE>,,,,,,,,,
1SL,J1,JD,F2,0,0,<RE>,,,,,,,,,
1SL,J2,JD,F3,0,0,<RE>,,,,,,,,,
1SL,J3,JD,F2,0,0,<RE>,,,,,,,,,
1SL,J1,JE,F2,0,0,<RE>,,,,,,,,,
1SL,J2,JE,F2,0,0,<RE>,,,,,,,,,
1SL,J3,JE,F2,0,0,<RE>,,,,,,,,,
,,,,,,,,,,,,,,,
,,,,,,,,,,,,,,,
name=基礎梁応力表,case=G+P,,,,,,,,,,,,,,
層,ﾌﾚｰﾑ,軸－軸,,符号,分割,部材長,タイプ,左端M,中央M,右端M,左端Q,右端Q,左端T,右端T,
,,,,,№,mm,,kNm,kNm,kNm,kN,kN,kNm,kNm,
<data>,,,,,,,,,,,,,,,
1SL,JA,J1,J2,FG1,1,7308,上部,12.9,58,-119.6,50.9,80.5,0,0,
,,,,,,,偏心,0,0,0,0,0,0,0,<RE>
1SL,JA,J2,J3,FG1,1,7308,上部,119,57.8,-13.9,80.3,51.1,0,0,
,,,,,,,偏心,0,0,0,0,0,0,0,<RE>
1SL,JB,J1,J2,FG1,1,7308,上部,14.2,43.1,-90.3,40,60.9,0,0,
,,,,,,,偏心,0,0,0,0,0,0,0,<RE>
1SL,JB,J2,J3,FG1,1,7308,上部,89.6,44.3,-12.4,61,39.8,0,0,
,,,,,,,偏心,0,0,0,0,0,0,0,<RE>
1SL,JC,J1,J2,FG1,1,7308,上部,15,42.9,-89.9,40.1,60.7,0,0,
,,,,,,,偏心,0,0,0,0,0,0,0,<RE>
1SL,JC,J2,J3,FG1,1,7308,上部,89.9,44.5,-11.7,61.2,39.7,0,0,
,,,,,,,偏心,0,0,0,0,0,0,0,<RE>
1SL,JD,J1,J2,FG1,1,7308,上部,12.1,46.7,-85.1,40.4,60.5,0,0,
,,,,,,,偏心,0,0,0,0,0,0,0,<RE>
1SL,JD,J2,J3,FG1,1,7308,上部,92.6,39.8,-18.4,60.6,40.2,0,0,
,,,,,,,偏心,0,0,0,0,0,0,0,<RE>
1SL,JE,J1,J2,FG1,1,7308,上部,13.9,59.8,-115.1,51.7,79.8,0,0,
,,,,,,,偏心,0,0,0,0,0,0,0,<RE>
1SL,JE,J2,J3,FG1,1,7308,上部,121.6,55.2,-16.5,80.3,51.1,0,0,
,,,,,,,偏心,0,0,0,0,0,0,0,<RE>
1SL,J1,JA,JB,FG2,1,6558,上部,17.2,50.3,-82.4,48.6,68.9,0,0,
,,,,,,,偏心,0,0,0,0,0,0,0,<RE>
1SL,J1,JB,JC,FG2,1,6500,上部,79.1,29.1,-59.4,61.4,55.4,0,0,
,,,,,,,偏心,0,0,0,0,0,0,0,<RE>
1SL,J1,JC,JD,FG2,1,6750,上部,60.1,31.9,-88.3,56.6,64.9,0,0,
,,,,,,,偏心,0,0,0,0,0,0,0,<RE>
1SL,J1,JD,JE,FG2,1,6808,上部,89.7,55.4,-15.3,72.2,49.9,0,0,
,,,,,,,偏心,0,0,0,0,0,0,0,<RE>
1SL,J2,JA,JB,FG3,1,6558,上部,18.4,35.8,-63.6,38.1,52,0,0,
,,,,,,,偏心,0,0,0,0,0,0,0,<RE>
1SL,J2,JB,JC,FG3,1,6500,上部,57.3,23.8,-45.7,46.5,42.9,0,0,
,,,,,,,偏心,0,0,0,0,0,0,0,<RE>
1SL,J2,JC,JD,FG3,1,6750,上部,47.2,23.6,-68.1,43.4,49.6,0,0,
,,,,,,,偏心,0,0,0,0,0,0,0,<RE>
1SL,J2,JD,JE,FG3,1,6808,上部,66.3,42.4,-14.2,54.5,39.2,0,0,
,,,,,,,偏心,0,0,0,0,0,0,0,<RE>
1SL,J3,JA,JB,FG2,1,6558,上部,16.1,49.5,-85,48.1,69.5,0,0,
,,,,,,,偏心,0,0,0,0,0,0,0,<RE>
1SL,J3,JB,JC,FG2,1,6500,上部,77.6,30.4,-58.4,61.4,55.5,0,0,
,,,,,,,偏心,0,0,0,0,0,0,0,<RE>
1SL,J3,JC,JD,FG2,1,6750,上部,59.8,30.2,-92,56,65.5,0,0,
,,,,,,,偏心,0,0,0,0,0,0,0,<RE>
1SL,J3,JD,JE,FG2,1,6808,上部,88.1,58.1,-11.4,72.5,49.6,0,0,
,,,,,,,偏心,0,0,0,0,0,0,0,<RE>
,,,,,,,,,,,,,,,
,,,,,,,,,,,,,,,
name=基礎梁応力表,case=S,,,,,,,,,,,,,,
層,ﾌﾚｰﾑ,軸－軸,,符号,分割,部材長,タイプ,左端M,中央M,右端M,左端Q,右端Q,左端T,右端T,
,,,,,№,mm,,kNm,kNm,kNm,kN,kN,kNm,kNm,
<data>,,,,,,,,,,,,,,,
1SL,JA,J1,J2,FG1,1,7308,上部,-0.2,0.1,-0.1,-0.1,0.1,0,0,
,,,,,,,偏心,0,0,0,0,0,0,0,<RE>
1SL,JA,J2,J3,FG1,1,7308,上部,0.1,0.1,0.2,0.1,-0.1,0,0,
,,,,,,,偏心,0,0,0,0,0,0,0,<RE>
1SL,JB,J1,J2,FG1,1,7308,上部,-0.4,0.1,-0.2,-0.1,0.1,0,0,
,,,,,,,偏心,0,0,0,0,0,0,0,<RE>
1SL,JB,J2,J3,FG1,1,7308,上部,0.2,0.1,0.4,0.1,-0.1,0,0,
,,,,,,,偏心,0,0,0,0,0,0,0,<RE>
1SL,JC,J1,J2,FG1,1,7308,上部,-0.4,0.1,-0.2,-0.1,0.1,0,0,
,,,,,,,偏心,0,0,0,0,0,0,0,<RE>
1SL,JC,J2,J3,FG1,1,7308,上部,0.2,0.1,0.4,0.1,-0.1,0,0,
,,,,,,,偏心,0,0,0,0,0,0,0,<RE>
1SL,JD,J1,J2,FG1,1,7308,上部,-0.4,0.1,-0.2,-0.1,0.1,0,0,
,,,,,,,偏心,0,0,0,0,0,0,0,<RE>
1SL,JD,J2,J3,FG1,1,7308,上部,0.2,0.1,0.4,0.1,-0.1,0,0,
,,,,,,,偏心,0,0,0,0,0,0,0,<RE>
1SL,JE,J1,J2,FG1,1,7308,上部,-0.2,0.1,-0.1,-0.1,0.1,0,0,
,,,,,,,偏心,0,0,0,0,0,0,0,<RE>
1SL,JE,J2,J3,FG1,1,7308,上部,0.1,0.1,0.2,0.1,-0.1,0,0,
,,,,,,,偏心,0,0,0,0,0,0,0,<RE>
1SL,J1,JA,JB,FG2,1,6558,上部,-0.3,0.1,-0.1,-0.1,0.1,0,0,
,,,,,,,偏心,0,0,0,0,0,0,0,<RE>
1SL,J1,JB,JC,FG2,1,6500,上部,0.2,-0.1,0.1,0.1,-0.1,0,0,
,,,,,,,偏心,0,0,0,0,0,0,0,<RE>
1SL,J1,JC,JD,FG2,1,6750,上部,-0.1,-0.1,-0.2,-0.1,0.1,0,0,
,,,,,,,偏心,0,0,0,0,0,0,0,<RE>
1SL,J1,JD,JE,FG2,1,6808,上部,0.1,0.2,0.3,0.1,-0.1,0,0,
,,,,,,,偏心,0,0,0,0,0,0,0,<RE>
1SL,J2,JA,JB,FG3,1,6558,上部,-0.4,0.2,-0.1,-0.1,0.1,0,0,
,,,,,,,偏心,0,0,0,0,0,0,0,<RE>
1SL,J2,JB,JC,FG3,1,6500,上部,0.2,-0.1,0.1,0.1,-0.1,0,0,
,,,,,,,偏心,0,0,0,0,0,0,0,<RE>
1SL,J2,JC,JD,FG3,1,6750,上部,-0.1,-0.1,-0.2,-0.1,0.1,0,0,
,,,,,,,偏心,0,0,0,0,0,0,0,<RE>
1SL,J2,JD,JE,FG3,1,6808,上部,0.1,0.2,0.4,0.1,-0.1,0,0,
,,,,,,,偏心,0,0,0,0,0,0,0,<RE>
1SL,J3,JA,JB,FG2,1,6558,上部,-0.3,0.1,-0.1,-0.1,0.1,0,0,
,,,,,,,偏心,0,0,0,0,0,0,0,<RE>
1SL,J3,JB,JC,FG2,1,6500,上部,0.2,-0.1,0.1,0.1,-0.1,0,0,
,,,,,,,偏心,0,0,0,0,0,0,0,<RE>
1SL,J3,JC,JD,FG2,1,6750,上部,-0.1,-0.1,-0.2,-0.1,0.1,0,0,
,,,,,,,偏心,0,0,0,0,0,0,0,<RE>
1SL,J3,JD,JE,FG2,1,6808,上部,0.1,0.1,0.3,0.1,-0.1,0,0,
,,,,,,,偏心,0,0,0,0,0,0,0,<RE>
,,,,,,,,,,,,,,,
,,,,,,,,,,,,,,,
name=基礎梁応力表,case=WX+,,,,,,,,,,,,,,
層,ﾌﾚｰﾑ,軸－軸,,符号,分割,部材長,タイプ,左端M,中央M,右端M,左端Q,右端Q,左端T,右端T,
,,,,,№,mm,,kNm,kNm,kNm,kN,kN,kNm,kNm,
<data>,,,,,,,,,,,,,,,
1SL,JA,J1,J2,FG1,1,7308,上部,-26.5,4.8,-17,-6,6,0,0,
,,,,,,,偏心,0,0,0,0,0,0,0,<RE>
1SL,JA,J2,J3,FG1,1,7308,上部,-17.3,-4.9,-27.1,-6.1,6.1,0,0,
,,,,,,,偏心,0,0,0,0,0,0,0,<RE>
1SL,JB,J1,J2,FG1,1,7308,上部,-26.2,4.7,-17,-5.9,5.9,0,0,
,,,,,,,偏心,0,0,0,0,0,0,0,<RE>
1SL,JB,J2,J3,FG1,1,7308,上部,-17.6,-4.9,-27.3,-6.2,6.2,0,0,
,,,,,,,偏心,0,0,0,0,0,0,0,<RE>
1SL,JC,J1,J2,FG1,1,7308,上部,-26.3,4.7,-17,-6,6,0,0,
,,,,,,,偏心,0,0,0,0,0,0,0,<RE>
1SL,JC,J2,J3,FG1,1,7308,上部,-17.5,-5,-27.3,-6.2,6.2,0,0,
,,,,,,,偏心,0,0,0,0,0,0,0,<RE>
1SL,JD,J1,J2,FG1,1,7308,上部,-26.4,4.8,-17,-6,6,0,0,
,,,,,,,偏心,0,0,0,0,0,0,0,<RE>
1SL,JD,J2,J3,FG1,1,7308,上部,-17.6,-5,-27.4,-6.2,6.2,0,0,
,,,,,,,偏心,0,0,0,0,0,0,0,<RE>
1SL,JE,J1,J2,FG1,1,7308,上部,-26.8,4.9,-17.1,-6,6,0,0,
,,,,,,,偏心,0,0,0,0,0,0,0,<RE>
1SL,JE,J2,J3,FG1,1,7308,上部,-17.3,-5,-27.3,-6.1,6.1,0,0,
,,,,,,,偏心,0,0,0,0,0,0,0,<RE>
1SL,J1,JA,JB,FG2,1,6558,上部,0.6,-0.2,0.2,0.2,-0.2,0,0,
,,,,,,,偏心,0,0,0,0,0,0,0,<RE>
1SL,J1,JB,JC,FG2,1,6500,上部,-0.2,0.1,-0.2,-0.1,0.1,0,0,
,,,,,,,偏心,0,0,0,0,0,0,0,<RE>
1SL,J1,JC,JD,FG2,1,6750,上部,0.2,0.1,0.4,0.1,-0.1,0,0,
,,,,,,,偏心,0,0,0,0,0,0,0,<RE>
1SL,J1,JD,JE,FG2,1,6808,上部,-0.2,-0.3,-0.8,-0.2,0.2,0,0,
,,,,,,,偏心,0,0,0,0,0,0,0,<RE>
1SL,J2,JA,JB,FG3,1,6558,上部,1.1,-0.4,0.4,0.3,-0.3,0,0,
,,,,,,,偏心,0,0,0,0,0,0,0,<RE>
1SL,J2,JB,JC,FG3,1,6500,上部,-0.3,0.1,-0.1,-0.1,0.1,0,0,
,,,,,,,偏心,0,0,0,0,0,0,0,<RE>
1SL,J2,JC,JD,FG3,1,6750,上部,0.4,0.1,0.6,0.2,-0.2,0,0,
,,,,,,,偏心,0,0,0,0,0,0,0,<RE>
1SL,J2,JD,JE,FG3,1,6808,上部,-0.2,-0.4,-0.9,-0.2,0.2,0,0,
,,,,,,,偏心,0,0,0,0,0,0,0,<RE>
1SL,J3,JA,JB,FG2,1,6558,上部,0.8,-0.2,0.4,0.2,-0.2,0,0,
,,,,,,,偏心,0,0,0,0,0,0,0,<RE>
1SL,J3,JB,JC,FG2,1,6500,上部,0.1,0.1,0.2,0.1,-0.1,0,0,
,,,,,,,偏心,0,0,0,0,0,0,0,<RE>
1SL,J3,JC,JD,FG2,1,6750,上部,0.4,0.1,0.4,0.1,-0.1,0,0,
,,,,,,,偏心,0,0,0,0,0,0,0,<RE>
1SL,J3,JD,JE,FG2,1,6808,上部,0.2,-0.2,-0.2,0.1,-0.1,0,0,
,,,,,,,偏心,0,0,0,0,0,0,0,<RE>
,,,,,,,,,,,,,,,
,,,,,,,,,,,,,,,
name=基礎梁応力表,case=WX-,,,,,,,,,,,,,,
層,ﾌﾚｰﾑ,軸－軸,,符号,分割,部材長,タイプ,左端M,中央M,右端M,左端Q,右端Q,左端T,右端T,
,,,,,№,mm,,kNm,kNm,kNm,kN,kN,kNm,kNm,
<data>,,,,,,,,,,,,,,,
1SL,JA,J1,J2,FG1,1,7308,上部,27.1,-4.9,17.3,6.1,-6.1,0,0,
,,,,,,,偏心,0,0,0,0,0,0,0,<RE>
1SL,JA,J2,J3,FG1,1,7308,上部,17,4.8,26.5,6,-6,0,0,
,,,,,,,偏心,0,0,0,0,0,0,0,<RE>
1SL,JB,J1,J2,FG1,1,7308,上部,27.3,-4.9,17.6,6.2,-6.2,0,0,
,,,,,,,偏心,0,0,0,0,0,0,0,<RE>
1SL,JB,J2,J3,FG1,1,7308,上部,17,4.7,26.2,5.9,-5.9,0,0,
,,,,,,,偏心,0,0,0,0,0,0,0,<RE>
1SL,JC,J1,J2,FG1,1,7308,上部,27.3,-4.9,17.5,6.2,-6.2,0,0,
,,,,,,,偏心,0,0,0,0,0,0,0,<RE>
1SL,JC,J2,J3,FG1,1,7308,上部,17,4.7,26.3,6,-6,0,0,
,,,,,,,偏心,0,0,0,0,0,0,0,<RE>
1SL,JD,J1,J2,FG1,1,7308,上部,27.4,-5,17.5,6.2,-6.2,0,0,
,,,,,,,偏心,0,0,0,0,0,0,0,<RE>
1SL,JD,J2,J3,FG1,1,7308,上部,17,4.8,26.4,6,-6,0,0,
,,,,,,,偏心,0,0,0,0,0,0,0,<RE>
1SL,JE,J1,J2,FG1,1,7308,上部,27.3,-5,17.3,6.1,-6.1,0,0,
,,,,,,,偏心,0,0,0,0,0,0,0,<RE>
1SL,JE,J2,J3,FG1,1,7308,上部,17.1,4.9,26.8,6,-6,0,0,
,,,,,,,偏心,0,0,0,0,0,0,0,<RE>
1SL,J1,JA,JB,FG2,1,6558,上部,0.8,-0.2,0.4,0.2,-0.2,0,0,
,,,,,,,偏心,0,0,0,0,0,0,0,<RE>
1SL,J1,JB,JC,FG2,1,6500,上部,0.1,0.1,0.2,0.1,-0.1,0,0,
,,,,,,,偏心,0,0,0,0,0,0,0,<RE>
1SL,J1,JC,JD,FG2,1,6750,上部,0.3,0.1,0.4,0.1,-0.1,0,0,
,,,,,,,偏心,0,0,0,0,0,0,0,<RE>
1SL,J1,JD,JE,FG2,1,6808,上部,0.2,-0.1,0.1,0.1,-0.1,0,0,
,,,,,,,偏心,0,0,0,0,0,0,0,<RE>
1SL,J2,JA,JB,FG3,1,6558,上部,1.1,-0.4,0.4,0.3,-0.3,0,0,
,,,,,,,偏心,0,0,0,0,0,0,0,<RE>
1SL,J2,JB,JC,FG3,1,6500,上部,-0.3,0.1,-0.1,-0.1,0.1,0,0,
,,,,,,,偏心,0,0,0,0,0,0,0,<RE>
1SL,J2,JC,JD,FG3,1,6750,上部,0.4,0.1,0.6,0.2,-0.2,0,0,
,,,,,,,偏心,0,0,0,0,0,0,0,<RE>
1SL,J2,JD,JE,FG3,1,6808,上部,-0.2,-0.4,-0.9,-0.2,0.2,0,0,
,,,,,,,偏心,0,0,0,0,0,0,0,<RE>
1SL,J3,JA,JB,FG2,1,6558,上部,0.6,-0.2,0.2,0.2,-0.2,0,0,
,,,,,,,偏心,0,0,0,0,0,0,0,<RE>
1SL,J3,JB,JC,FG2,1,6500,上部,-0.2,0.1,-0.2,-0.1,0.1,0,0,
,,,,,,,偏心,0,0,0,0,0,0,0,<RE>
1SL,J3,JC,JD,FG2,1,6750,上部,0.2,0.1,0.4,0.1,-0.1,0,0,
,,,,,,,偏心,0,0,0,0,0,0,0,<RE>
1SL,J3,JD,JE,FG2,1,6808,上部,-0.3,-0.4,-0.9,-0.2,0.2,0,0,
,,,,,,,偏心,0,0,0,0,0,0,0,<RE>
,,,,,,,,,,,,,,,
,,,,,,,,,,,,,,,
name=基礎梁応力表,case=WY+,,,,,,,,,,,,,,
層,ﾌﾚｰﾑ,軸－軸,,符号,分割,部材長,タイプ,左端M,中央M,右端M,左端Q,右端Q,左端T,右端T,
,,,,,№,mm,,kNm,kNm,kNm,kN,kN,kNm,kNm,
<data>,,,,,,,,,,,,,,,
1SL,JA,J1,J2,FG1,1,7308,上部,0.3,-0.1,0.2,0.1,-0.1,0,0,
,,,,,,,偏心,0,0,0,0,0,0,0,<RE>
1SL,JA,J2,J3,FG1,1,7308,上部,-0.2,-0.1,-0.3,-0.1,0.1,0,0,
,,,,,,,偏心,0,0,0,0,0,0,0,<RE>
1SL,JB,J1,J2,FG1,1,7308,上部,0.6,-0.2,0.3,0.2,-0.2,0,0,
,,,,,,,偏心,0,0,0,0,0,0,0,<RE>
1SL,JB,J2,J3,FG1,1,7308,上部,-0.3,-0.2,-0.6,-0.2,0.2,0,0,
,,,,,,,偏心,0,0,0,0,0,0,0,<RE>
1SL,JC,J1,J2,FG1,1,7308,上部,0.6,-0.2,0.3,0.2,-0.2,0,0,
,,,,,,,偏心,0,0,0,0,0,0,0,<RE>
1SL,JC,J2,J3,FG1,1,7308,上部,-0.3,-0.2,-0.6,-0.2,0.2,0,0,
,,,,,,,偏心,0,0,0,0,0,0,0,<RE>
1SL,JD,J1,J2,FG1,1,7308,上部,0.6,-0.2,0.4,0.2,-0.2,0,0,
,,,,,,,偏心,0,0,0,0,0,0,0,<RE>
1SL,JD,J2,J3,FG1,1,7308,上部,-0.4,-0.2,-0.6,-0.2,0.2,0,0,
,,,,,,,偏心,0,0,0,0,0,0,0,<RE>
1SL,JE,J1,J2,FG1,1,7308,上部,0.4,-0.1,0.3,0.1,-0.1,0,0,
,,,,,,,偏心,0,0,0,0,0,0,0,<RE>
1SL,JE,J2,J3,FG1,1,7308,上部,-0.2,-0.2,-0.5,-0.1,0.1,0,0,
,,,,,,,偏心,0,0,0,0,0,0,0,<RE>
1SL,J1,JA,JB,FG2,1,6558,上部,-12.8,1.8,-9.2,-3.4,3.4,0,0,
,,,,,,,偏心,0,0,0,0,0,0,0,<RE>
1SL,J1,JB,JC,FG2,1,6500,上部,-6.5,-0.6,-7.6,-2.2,2.2,0,0,
,,,,,,,偏心,0,0,0,0,0,0,0,<RE>
1SL,J1,JC,JD,FG2,1,6750,上部,-7.3,0.6,-6.2,-2,2,0,0,
,,,,,,,偏心,0,0,0,0,0,0,0,<RE>
1SL,J1,JD,JE,FG2,1,6808,上部,-9.2,-1.9,-13,-3.3,3.3,0,0,
,,,,,,,偏心,0,0,0,0,0,0,0,<RE>
1SL,J2,JA,JB,FG3,1,6558,上部,-14.5,2.1,-10.4,-3.8,3.8,0,0,
,,,,,,,偏心,0,0,0,0,0,0,0,<RE>
1SL,J2,JB,JC,FG3,1,6500,上部,-7.2,-0.7,-8.5,-2.5,2.5,0,0,
,,,,,,,偏心,0,0,0,0,0,0,0,<RE>
1SL,J2,JC,JD,FG3,1,6750,上部,-8.1,0.7,-6.8,-2.2,2.2,0,0,
,,,,,,,偏心,0,0,0,0,0,0,0,<RE>
1SL,J2,JD,JE,FG3,1,6808,上部,-10.4,-2.3,-15,-3.8,3.8,0,0,
,,,,,,,偏心,0,0,0,0,0,0,0,<RE>
1SL,J3,JA,JB,FG2,1,6558,上部,-12.8,1.8,-9.2,-3.4,3.4,0,0,
,,,,,,,偏心,0,0,0,0,0,0,0,<RE>
1SL,J3,JB,JC,FG2,1,6500,上部,-6.5,-0.6,-7.6,-2.2,2.2,0,0,
,,,,,,,偏心,0,0,0,0,0,0,0,<RE>
1SL,J3,JC,JD,FG2,1,6750,上部,-7.3,0.6,-6.2,-2,2,0,0,
,,,,,,,偏心,0,0,0,0,0,0,0,<RE>
1SL,J3,JD,JE,FG2,1,6808,上部,-9.2,-2,-13,-3.3,3.3,0,0,
,,,,,,,偏心,0,0,0,0,0,0,0,<RE>
,,,,,,,,,,,,,,,
,,,,,,,,,,,,,,,
name=基礎梁応力表,case=WY-,,,,,,,,,,,,,,
層,ﾌﾚｰﾑ,軸－軸,,符号,分割,部材長,タイプ,左端M,中央M,右端M,左端Q,右端Q,左端T,右端T,
,,,,,№,mm,,kNm,kNm,kNm,kN,kN,kNm,kNm,
<data>,,,,,,,,,,,,,,,
1SL,JA,J1,J2,FG1,1,7308,上部,0.4,-0.1,0.2,0.1,-0.1,0,0,
,,,,,,,偏心,0,0,0,0,0,0,0,<RE>
1SL,JA,J2,J3,FG1,1,7308,上部,-0.3,-0.1,-0.4,-0.1,0.1,0,0,
,,,,,,,偏心,0,0,0,0,0,0,0,<RE>
1SL,JB,J1,J2,FG1,1,7308,上部,0.8,-0.2,0.5,0.2,-0.2,0,0,
,,,,,,,偏心,0,0,0,0,0,0,0,<RE>
1SL,JB,J2,J3,FG1,1,7308,上部,-0.5,-0.2,-0.8,-0.2,0.2,0,0,
,,,,,,,偏心,0,0,0,0,0,0,0,<RE>
1SL,JC,J1,J2,FG1,1,7308,上部,0.9,-0.3,0.5,0.2,-0.2,0,0,
,,,,,,,偏心,0,0,0,0,0,0,0,<RE>
1SL,JC,J2,J3,FG1,1,7308,上部,-0.5,-0.2,-0.9,-0.2,0.2,0,0,
,,,,,,,偏心,0,0,0,0,0,0,0,<RE>
1SL,JD,J1,J2,FG1,1,7308,上部,1.1,-0.3,0.6,0.3,-0.3,0,0,
,,,,,,,偏心,0,0,0,0,0,0,0,<RE>
1SL,JD,J2,J3,FG1,1,7308,上部,-0.6,-0.3,-1.1,-0.3,0.3,0,0,
,,,,,,,偏心,0,0,0,0,0,0,0,<RE>
1SL,JE,J1,J2,FG1,1,7308,上部,0.7,-0.2,0.4,0.2,-0.2,0,0,
,,,,,,,偏心,0,0,0,0,0,0,0,<RE>
1SL,JE,J2,J3,FG1,1,7308,上部,-0.4,-0.2,-0.8,-0.2,0.2,0,0,
,,,,,,,偏心,0,0,0,0,0,0,0,<RE>
1SL,J1,JA,JB,FG2,1,6558,上部,10.7,-1.7,7.3,2.8,-2.8,0,0,
,,,,,,,偏心,0,0,0,0,0,0,0,<RE>
1SL,J1,JB,JC,FG2,1,6500,上部,4.8,0.6,5.8,1.7,-1.7,0,0,
,,,,,,,偏心,0,0,0,0,0,0,0,<RE>
1SL,J1,JC,JD,FG2,1,6750,上部,5.9,-0.4,5.1,1.7,-1.7,0,0,
,,,,,,,偏心,0,0,0,0,0,0,0,<RE>
1SL,J1,JD,JE,FG2,1,6808,上部,7.1,1.3,9.6,2.5,-2.5,0,0,
,,,,,,,偏心,0,0,0,0,0,0,0,<RE>
1SL,J2,JA,JB,FG3,1,6558,上部,12.2,-2.1,8.2,3.2,-3.2,0,0,
,,,,,,,偏心,0,0,0,0,0,0,0,<RE>
1SL,J2,JB,JC,FG3,1,6500,上部,5.1,0.7,6.4,1.8,-1.8,0,0,
,,,,,,,偏心,0,0,0,0,0,0,0,<RE>
1SL,J2,JC,JD,FG3,1,6750,上部,6.5,-0.5,5.7,1.8,-1.8,0,0,
,,,,,,,偏心,0,0,0,0,0,0,0,<RE>
1SL,J2,JD,JE,FG3,1,6808,上部,8,1.5,10.9,2.8,-2.8,0,0,
,,,,,,,偏心,0,0,0,0,0,0,0,<RE>
1SL,J3,JA,JB,FG2,1,6558,上部,10.7,-1.7,7.3,2.8,-2.8,0,0,
,,,,,,,偏心,0,0,0,0,0,0,0,<RE>
1SL,J3,JB,JC,FG2,1,6500,上部,4.8,0.6,5.8,1.7,-1.7,0,0,
,,,,,,,偏心,0,0,0,0,0,0,0,<RE>
1SL,J3,JC,JD,FG2,1,6750,上部,5.8,-0.4,5.1,1.7,-1.7,0,0,
,,,,,,,偏心,0,0,0,0,0,0,0,<RE>
1SL,J3,JD,JE,FG2,1,6808,上部,7.1,1.4,9.7,2.5,-2.5,0,0,
,,,,,,,偏心,0,0,0,0,0,0,0,<RE>
,,,,,,,,,,,,,,,
,,,,,,,,,,,,,,,
name=基礎梁応力表,case=EX+,,,,,,,,,,,,,,
層,ﾌﾚｰﾑ,軸－軸,,符号,分割,部材長,タイプ,左端M,中央M,右端M,左端Q,右端Q,左端T,右端T,
,,,,,№,mm,,kNm,kNm,kNm,kN,kN,kNm,kNm,
<data>,,,,,,,,,,,,,,,
1SL,JA,J1,J2,FG1,1,7308,上部,-52.6,9.8,-33.2,-11.8,11.8,0,0,
,,,,,,,偏心,0,0,0,0,0,0,0,<RE>
1SL,JA,J2,J3,FG1,1,7308,上部,-33.2,-9.8,-52.6,-11.8,11.8,0,0,
,,,,,,,偏心,0,0,0,0,0,0,0,<RE>
1SL,JB,J1,J2,FG1,1,7308,上部,-51.5,9.5,-32.5,-11.5,11.5,0,0,
,,,,,,,偏心,0,0,0,0,0,0,0,<RE>
1SL,JB,J2,J3,FG1,1,7308,上部,-32.5,-9.5,-51.5,-11.5,11.5,0,0,
,,,,,,,偏心,0,0,0,0,0,0,0,<RE>
1SL,JC,J1,J2,FG1,1,7308,上部,-50.5,9.4,-31.8,-11.3,11.3,0,0,
,,,,,,,偏心,0,0,0,0,0,0,0,<RE>
1SL,JC,J2,J3,FG1,1,7308,上部,-31.8,-9.4,-50.5,-11.3,11.3,0,0,
,,,,,,,偏心,0,0,0,0,0,0,0,<RE>
1SL,JD,J1,J2,FG1,1,7308,上部,-49.4,9.2,-31.2,-11.1,11.1,0,0,
,,,,,,,偏心,0,0,0,0,0,0,0,<RE>
1SL,JD,J2,J3,FG1,1,7308,上部,-31.2,-9.2,-49.4,-11.1,11.1,0,0,
,,,,,,,偏心,0,0,0,0,0,0,0,<RE>
1SL,JE,J1,J2,FG1,1,7308,上部,-48.6,9.1,-30.5,-10.9,10.9,0,0,
,,,,,,,偏心,0,0,0,0,0,0,0,<RE>
1SL,JE,J2,J3,FG1,1,7308,上部,-30.5,-9,-48.4,-10.8,10.8,0,0,
,,,,,,,偏心,0,0,0,0,0,0,0,<RE>
1SL,J1,JA,JB,FG2,1,6558,上部,1,-0.2,0.7,0.3,-0.3,0,0,
,,,,,,,偏心,0,0,0,0,0,0,0,<RE>
1SL,J1,JB,JC,FG2,1,6500,上部,0.5,0.1,0.6,0.2,-0.2,0,0,
,,,,,,,偏心,0,0,0,0,0,0,0,<RE>
1SL,J1,JC,JD,FG2,1,6750,上部,0.6,-0.1,0.5,0.2,-0.2,0,0,
,,,,,,,偏心,0,0,0,0,0,0,0,<RE>
1SL,J1,JD,JE,FG2,1,6808,上部,0.7,0.1,0.9,0.3,-0.3,0,0,
,,,,,,,偏心,0,0,0,0,0,0,0,<RE>
1SL,J2,JA,JB,FG3,1,6558,上部,0.1,-0.1,0.1,0.1,-0.1,0,0,
,,,,,,,偏心,0,0,0,0,0,0,0,<RE>
1SL,J2,JB,JC,FG3,1,6500,上部,0.1,0.1,0.1,0.1,-0.1,0,0,
,,,,,,,偏心,0,0,0,0,0,0,0,<RE>
1SL,J2,JC,JD,FG3,1,6750,上部,0.1,-0.1,0.1,0.1,-0.1,0,0,
,,,,,,,偏心,0,0,0,0,0,0,0,<RE>
1SL,J2,JD,JE,FG3,1,6808,上部,0.1,0.1,0.1,0.1,-0.1,0,0,
,,,,,,,偏心,0,0,0,0,0,0,0,<RE>
1SL,J3,JA,JB,FG2,1,6558,上部,-1,0.2,-0.7,-0.3,0.3,0,0,
,,,,,,,偏心,0,0,0,0,0,0,0,<RE>
1SL,J3,JB,JC,FG2,1,6500,上部,-0.5,-0.1,-0.6,-0.2,0.2,0,0,
,,,,,,,偏心,0,0,0,0,0,0,0,<RE>
1SL,J3,JC,JD,FG2,1,6750,上部,-0.6,0.1,-0.5,-0.2,0.2,0,0,
,,,,,,,偏心,0,0,0,0,0,0,0,<RE>
1SL,J3,JD,JE,FG2,1,6808,上部,-0.7,-0.1,-0.9,-0.3,0.3,0,0,
,,,,,,,偏心,0,0,0,0,0,0,0,<RE>
,,,,,,,,,,,,,,,
,,,,,,,,,,,,,,,
name=基礎梁応力表,case=EX-,,,,,,,,,,,,,,
層,ﾌﾚｰﾑ,軸－軸,,符号,分割,部材長,タイプ,左端M,中央M,右端M,左端Q,右端Q,左端T,右端T,
,,,,,№,mm,,kNm,kNm,kNm,kN,kN,kNm,kNm,
<data>,,,,,,,,,,,,,,,
1SL,JA,J1,J2,FG1,1,7308,上部,52.6,-9.8,33.2,11.8,-11.8,0,0,
,,,,,,,偏心,0,0,0,0,0,0,0,<RE>
1SL,JA,J2,J3,FG1,1,7308,上部,33.2,9.8,52.6,11.8,-11.8,0,0,
,,,,,,,偏心,0,0,0,0,0,0,0,<RE>
1SL,JB,J1,J2,FG1,1,7308,上部,51.5,-9.5,32.5,11.5,-11.5,0,0,
,,,,,,,偏心,0,0,0,0,0,0,0,<RE>
1SL,JB,J2,J3,FG1,1,7308,上部,32.5,9.5,51.5,11.5,-11.5,0,0,
,,,,,,,偏心,0,0,0,0,0,0,0,<RE>
1SL,JC,J1,J2,FG1,1,7308,上部,50.5,-9.4,31.8,11.3,-11.3,0,0,
,,,,,,,偏心,0,0,0,0,0,0,0,<RE>
1SL,JC,J2,J3,FG1,1,7308,上部,31.8,9.4,50.5,11.3,-11.3,0,0,
,,,,,,,偏心,0,0,0,0,0,0,0,<RE>
1SL,JD,J1,J2,FG1,1,7308,上部,49.4,-9.2,31.2,11.1,-11.1,0,0,
,,,,,,,偏心,0,0,0,0,0,0,0,<RE>
1SL,JD,J2,J3,FG1,1,7308,上部,31.2,9.2,49.4,11.1,-11.1,0,0,
,,,,,,,偏心,0,0,0,0,0,0,0,<RE>
1SL,JE,J1,J2,FG1,1,7308,上部,48.6,-9.1,30.5,10.9,-10.9,0,0,
,,,,,,,偏心,0,0,0,0,0,0,0,<RE>
1SL,JE,J2,J3,FG1,1,7308,上部,30.5,9,48.4,10.8,-10.8,0,0,
,,,,,,,偏心,0,0,0,0,0,0,0,<RE>
1SL,J1,JA,JB,FG2,1,6558,上部,-1,0.2,-0.7,-0.3,0.3,0,0,
,,,,,,,偏心,0,0,0,0,0,0,0,<RE>
1SL,J1,JB,JC,FG2,1,6500,上部,-0.5,-0.1,-0.6,-0.2,0.2,0,0,
,,,,,,,偏心,0,0,0,0,0,0,0,<RE>
1SL,J1,JC,JD,FG2,1,6750,上部,-0.6,0.1,-0.5,-0.2,0.2,0,0,
,,,,,,,偏心,0,0,0,0,0,0,0,<RE>
1SL,J1,JD,JE,FG2,1,6808,上部,-0.7,-0.1,-0.9,-0.3,0.3,0,0,
,,,,,,,偏心,0,0,0,0,0,0,0,<RE>
1SL,J2,JA,JB,FG3,1,6558,上部,-0.1,0.1,-0.1,-0.1,0.1,0,0,
,,,,,,,偏心,0,0,0,0,0,0,0,<RE>
1SL,J2,JB,JC,FG3,1,6500,上部,-0.1,-0.1,-0.1,-0.1,0.1,0,0,
,,,,,,,偏心,0,0,0,0,0,0,0,<RE>
1SL,J2,JC,JD,FG3,1,6750,上部,-0.1,0.1,-0.1,-0.1,0.1,0,0,
,,,,,,,偏心,0,0,0,0,0,0,0,<RE>
1SL,J2,JD,JE,FG3,1,6808,上部,-0.1,-0.1,-0.1,-0.1,0.1,0,0,
,,,,,,,偏心,0,0,0,0,0,0,0,<RE>
1SL,J3,JA,JB,FG2,1,6558,上部,1,-0.2,0.7,0.3,-0.3,0,0,
,,,,,,,偏心,0,0,0,0,0,0,0,<RE>
1SL,J3,JB,JC,FG2,1,6500,上部,0.5,0.1,0.6,0.2,-0.2,0,0,
,,,,,,,偏心,0,0,0,0,0,0,0,<RE>
1SL,J3,JC,JD,FG2,1,6750,上部,0.6,-0.1,0.5,0.2,-0.2,0,0,
,,,,,,,偏心,0,0,0,0,0,0,0,<RE>
1SL,J3,JD,JE,FG2,1,6808,上部,0.7,0.1,0.9,0.3,-0.3,0,0,
,,,,,,,偏心,0,0,0,0,0,0,0,<RE>
,,,,,,,,,,,,,,,
,,,,,,,,,,,,,,,
name=基礎梁応力表,case=EY+,,,,,,,,,,,,,,
層,ﾌﾚｰﾑ,軸－軸,,符号,分割,部材長,タイプ,左端M,中央M,右端M,左端Q,右端Q,左端T,右端T,
,,,,,№,mm,,kNm,kNm,kNm,kN,kN,kNm,kNm,
<data>,,,,,,,,,,,,,,,
1SL,JA,J1,J2,FG1,1,7308,上部,0.2,-0.1,0.1,0.1,-0.1,0,0,
,,,,,,,偏心,0,0,0,0,0,0,0,<RE>
1SL,JA,J2,J3,FG1,1,7308,上部,0.1,0.1,0.2,0.1,-0.1,0,0,
,,,,,,,偏心,0,0,0,0,0,0,0,<RE>
1SL,JB,J1,J2,FG1,1,7308,上部,0.1,-0.1,0.1,0.1,-0.1,0,0,
,,,,,,,偏心,0,0,0,0,0,0,0,<RE>
1SL,JB,J2,J3,FG1,1,7308,上部,0.1,0.1,0.1,0.1,-0.1,0,0,
,,,,,,,偏心,0,0,0,0,0,0,0,<RE>
1SL,JC,J1,J2,FG1,1,7308,上部,0.1,-0.1,0.1,0.1,-0.1,0,0,
,,,,,,,偏心,0,0,0,0,0,0,0,<RE>
1SL,JC,J2,J3,FG1,1,7308,上部,0.1,0.1,0.1,0.1,-0.1,0,0,
,,,,,,,偏心,0,0,0,0,0,0,0,<RE>
1SL,JD,J1,J2,FG1,1,7308,上部,-0.1,0.1,-0.1,-0.1,0.1,0,0,
,,,,,,,偏心,0,0,0,0,0,0,0,<RE>
1SL,JD,J2,J3,FG1,1,7308,上部,-0.1,-0.1,-0.1,-0.1,0.1,0,0,
,,,,,,,偏心,0,0,0,0,0,0,0,<RE>
1SL,JE,J1,J2,FG1,1,7308,上部,-0.2,0.1,-0.1,-0.1,0.1,0,0,
,,,,,,,偏心,0,0,0,0,0,0,0,<RE>
1SL,JE,J2,J3,FG1,1,7308,上部,-0.1,-0.1,-0.2,-0.1,0.1,0,0,
,,,,,,,偏心,0,0,0,0,0,0,0,<RE>
1SL,J1,JA,JB,FG2,1,6558,上部,-45.2,6.6,-32,-11.8,11.8,0,0,
,,,,,,,偏心,0,0,0,0,0,0,0,<RE>
1SL,J1,JB,JC,FG2,1,6500,上部,-22,-2.1,-26.2,-7.5,7.5,0,0,
,,,,,,,偏心,0,0,0,0,0,0,0,<RE>
1SL,J1,JC,JD,FG2,1,6750,上部,-25.5,1.9,-21.8,-7,7,0,0,
,,,,,,,偏心,0,0,0,0,0,0,0,<RE>
1SL,J1,JD,JE,FG2,1,6808,上部,-31.5,-6.3,-44,-11.1,11.1,0,0,
,,,,,,,偏心,0,0,0,0,0,0,0,<RE>
1SL,J2,JA,JB,FG3,1,6558,上部,-50.7,7.6,-35.6,-13.2,13.2,0,0,
,,,,,,,偏心,0,0,0,0,0,0,0,<RE>
1SL,J2,JB,JC,FG3,1,6500,上部,-24.2,-2.4,-29,-8.2,8.2,0,0,
,,,,,,,偏心,0,0,0,0,0,0,0,<RE>
1SL,J2,JC,JD,FG3,1,6750,上部,-28.2,2.2,-24,-7.8,7.8,0,0,
,,,,,,,偏心,0,0,0,0,0,0,0,<RE>
1SL,J2,JD,JE,FG3,1,6808,上部,-35.3,-7.2,-49.6,-12.5,12.5,0,0,
,,,,,,,偏心,0,0,0,0,0,0,0,<RE>
1SL,J3,JA,JB,FG2,1,6558,上部,-45,6.6,-31.9,-11.8,11.8,0,0,
,,,,,,,偏心,0,0,0,0,0,0,0,<RE>
1SL,J3,JB,JC,FG2,1,6500,上部,-22,-2.1,-26.1,-7.4,7.4,0,0,
,,,,,,,偏心,0,0,0,0,0,0,0,<RE>
1SL,J3,JC,JD,FG2,1,6750,上部,-25.4,1.9,-21.8,-7,7,0,0,
,,,,,,,偏心,0,0,0,0,0,0,0,<RE>
1SL,J3,JD,JE,FG2,1,6808,上部,-31.4,-6.2,-43.8,-11.1,11.1,0,0,
,,,,,,,偏心,0,0,0,0,0,0,0,<RE>
,,,,,,,,,,,,,,,
,,,,,,,,,,,,,,,
name=基礎梁応力表,case=EY-,,,,,,,,,,,,,,
層,ﾌﾚｰﾑ,軸－軸,,符号,分割,部材長,タイプ,左端M,中央M,右端M,左端Q,右端Q,左端T,右端T,
,,,,,№,mm,,kNm,kNm,kNm,kN,kN,kNm,kNm,
<data>,,,,,,,,,,,,,,,
1SL,JA,J1,J2,FG1,1,7308,上部,-0.2,0.1,-0.1,-0.1,0.1,0,0,
,,,,,,,偏心,0,0,0,0,0,0,0,<RE>
1SL,JA,J2,J3,FG1,1,7308,上部,-0.1,-0.1,-0.2,-0.1,0.1,0,0,
,,,,,,,偏心,0,0,0,0,0,0,0,<RE>
1SL,JB,J1,J2,FG1,1,7308,上部,-0.1,0.1,-0.1,-0.1,0.1,0,0,
,,,,,,,偏心,0,0,0,0,0,0,0,<RE>
1SL,JB,J2,J3,FG1,1,7308,上部,-0.1,-0.1,-0.1,-0.1,0.1,0,0,
,,,,,,,偏心,0,0,0,0,0,0,0,<RE>
1SL,JC,J1,J2,FG1,1,7308,上部,-0.1,0.1,-0.1,-0.1,0.1,0,0,
,,,,,,,偏心,0,0,0,0,0,0,0,<RE>
1SL,JC,J2,J3,FG1,1,7308,上部,-0.1,-0.1,-0.1,-0.1,0.1,0,0,
,,,,,,,偏心,0,0,0,0,0,0,0,<RE>
1SL,JD,J1,J2,FG1,1,7308,上部,0.1,-0.1,0.1,0.1,-0.1,0,0,
,,,,,,,偏心,0,0,0,0,0,0,0,<RE>
1SL,JD,J2,J3,FG1,1,7308,上部,0.1,0.1,0.1,0.1,-0.1,0,0,
,,,,,,,偏心,0,0,0,0,0,0,0,<RE>
1SL,JE,J1,J2,FG1,1,7308,上部,0.2,-0.1,0.1,0.1,-0.1,0,0,
,,,,,,,偏心,0,0,0,0,0,0,0,<RE>
1SL,JE,J2,J3,FG1,1,7308,上部,0.1,0.1,0.2,0.1,-0.1,0,0,
,,,,,,,偏心,0,0,0,0,0,0,0,<RE>
1SL,J1,JA,JB,FG2,1,6558,上部,45.2,-6.6,32,11.8,-11.8,0,0,
,,,,,,,偏心,0,0,0,0,0,0,0,<RE>
1SL,J1,JB,JC,FG2,1,6500,上部,22,2.1,26.2,7.5,-7.5,0,0,
,,,,,,,偏心,0,0,0,0,0,0,0,<RE>
1SL,J1,JC,JD,FG2,1,6750,上部,25.5,-1.9,21.8,7,-7,0,0,
,,,,,,,偏心,0,0,0,0,0,0,0,<RE>
1SL,J1,JD,JE,FG2,1,6808,上部,31.5,6.3,44,11.1,-11.1,0,0,
,,,,,,,偏心,0,0,0,0,0,0,0,<RE>
1SL,J2,JA,JB,FG3,1,6558,上部,50.7,-7.6,35.6,13.2,-13.2,0,0,
,,,,,,,偏心,0,0,0,0,0,0,0,<RE>
1SL,J2,JB,JC,FG3,1,6500,上部,24.2,2.4,29,8.2,-8.2,0,0,
,,,,,,,偏心,0,0,0,0,0,0,0,<RE>
1SL,J2,JC,JD,FG3,1,6750,上部,28.2,-2.2,24,7.8,-7.8,0,0,
,,,,,,,偏心,0,0,0,0,0,0,0,<RE>
1SL,J2,JD,JE,FG3,1,6808,上部,35.3,7.2,49.6,12.5,-12.5,0,0,
,,,,,,,偏心,0,0,0,0,0,0,0,<RE>
1SL,J3,JA,JB,FG2,1,6558,上部,45,-6.6,31.9,11.8,-11.8,0,0,
,,,,,,,偏心,0,0,0,0,0,0,0,<RE>
1SL,J3,JB,JC,FG2,1,6500,上部,22,2.1,26.1,7.4,-7.4,0,0,
,,,,,,,偏心,0,0,0,0,0,0,0,<RE>
1SL,J3,JC,JD,FG2,1,6750,上部,25.4,-1.9,21.8,7,-7,0,0,
,,,,,,,偏心,0,0,0,0,0,0,0,<RE>
1SL,J3,JD,JE,FG2,1,6808,上部,31.4,6.2,43.8,11.1,-11.1,0,0,
,,,,,,,偏心,0,0,0,0,0,0,0,<RE>
,,,,,,,,,,,,,,,
,,,,,,,,,,,,,,,
name=基礎反力表,case=G+P,,,,,,,,,,,,,,
層,X軸,Y軸,タイプ,Rz,Mx,My,θX,θY,,,,,,,
,,,,kN,kNm,kNm,rad,rad,,,,,,,
<data>,,,,,,,,,,,,,,,
1SL,J1,JA,上部,275,0,0,-0.0008,-0.00058,,,,,,,
,,,偏心,0,0,0,0,0,<RE>,,,,,,
1SL,J2,JA,上部,472.6,0,0,0,-0.00038,,,,,,,
,,,偏心,0,0,0,0,0,<RE>,,,,,,
1SL,J3,JA,上部,275.9,0,0,0.00079,-0.00058,,,,,,,
,,,偏心,0,0,0,0,0,<RE>,,,,,,
1SL,J1,JB,上部,451.7,0,0,-0.00058,0.00015,,,,,,,
,,,偏心,0,0,0,0,0,<RE>,,,,,,
1SL,J2,JB,上部,665.5,0,0,-0.00001,0.00007,,,,,,,
,,,偏心,0,0,0,0,0,<RE>,,,,,,
1SL,J3,JB,上部,426,0,0,0.00061,0.00012,,,,,,,
,,,偏心,0,0,0,0,0,<RE>,,,,,,
1SL,J1,JC,上部,421.7,0,0,-0.00056,-0.00001,,,,,,,
,,,偏心,0,0,0,0,0,<RE>,,,,,,
1SL,J2,JC,上部,626.2,0,0,-0.00001,0,,,,,,,
,,,偏心,0,0,0,0,0,<RE>,,,,,,
1SL,J3,JC,上部,395.2,0,0,0.00062,0,,,,,,,
,,,偏心,0,0,0,0,0,<RE>,,,,,,
1SL,J1,JD,上部,425.7,0,0,-0.00065,-0.00018,,,,,,,
,,,偏心,0,0,0,0,0,<RE>,,,,,,
1SL,J2,JD,上部,654.1,0,0,0.00009,-0.00015,,,,,,,
,,,偏心,0,0,0,0,0,<RE>,,,,,,
1SL,J3,JD,上部,453.9,0,0,0.00048,-0.00024,,,,,,,
,,,偏心,0,0,0,0,0,<RE>,,,,,,
1SL,J1,JE,上部,252.3,0,0,-0.00083,0.0007,,,,,,,
,,,偏心,0,0,0,0,0,<RE>,,,,,,
1SL,J2,JE,上部,427.1,0,0,0.00006,0.00053,,,,,,,
,,,偏心,0,0,0,0,0,<RE>,,,,,,
1SL,J3,JE,上部,258,0,0,0.00073,0.00077,,,,,,,
,,,偏心,0,0,0,0,0,<RE>,,,,,,
,,,,,,,,,,,,,,,
,,,,,,,,,,,,,,,
name=基礎反力表,case=S,,,,,,,,,,,,,,
層,X軸,Y軸,タイプ,Rz,Mx,My,θX,θY,,,,,,,
,,,,kN,kNm,kNm,rad,rad,,,,,,,
<data>,,,,,,,,,,,,,,,
1SL,J1,JA,上部,6.5,0,0,0,0,,,,,,,
,,,偏心,0,0,0,0,0,<RE>,,,,,,
1SL,J2,JA,上部,13.7,0,0,0,0,,,,,,,
,,,偏心,0,0,0,0,0,<RE>,,,,,,
1SL,J3,JA,上部,6.5,0,0,0,0,,,,,,,
,,,偏心,0,0,0,0,0,<RE>,,,,,,
1SL,J1,JB,上部,13.4,0,0,0,0,,,,,,,
,,,偏心,0,0,0,0,0,<RE>,,,,,,
1SL,J2,JB,上部,27.4,0,0,0,0,,,,,,,
,,,偏心,0,0,0,0,0,<RE>,,,,,,
1SL,J3,JB,上部,13.4,0,0,0,0,,,,,,,
,,,偏心,0,0,0,0,0,<RE>,,,,,,
1SL,J1,JC,上部,13.2,0,0,0,0,,,,,,,
,,,偏心,0,0,0,0,0,<RE>,,,,,,
1SL,J2,JC,上部,27.4,0,0,0,0,,,,,,,
,,,偏心,0,0,0,0,0,<RE>,,,,,,
1SL,J3,JC,上部,13.2,0,0,0,0,,,,,,,
,,,偏心,0,0,0,0,0,<RE>,,,,,,
1SL,J1,JD,上部,13.9,0,0,0,0,,,,,,,
,,,偏心,0,0,0,0,0,<RE>,,,,,,
1SL,J2,JD,上部,28.4,0,0,0,0,,,,,,,
,,,偏心,0,0,0,0,0,<RE>,,,,,,
1SL,J3,JD,上部,13.9,0,0,0,0,,,,,,,
,,,偏心,0,0,0,0,0,<RE>,,,,,,
1SL,J1,JE,上部,6.7,0,0,0,0,,,,,,,
,,,偏心,0,0,0,0,0,<RE>,,,,,,
1SL,J2,JE,上部,14.1,0,0,0,0,,,,,,,
,,,偏心,0,0,0,0,0,<RE>,,,,,,
1SL,J3,JE,上部,6.8,0,0,0,0,,,,,,,
,,,偏心,0,0,0,0,0,<RE>,,,,,,
,,,,,,,,,,,,,,,
,,,,,,,,,,,,,,,
name=基礎反力表,case=WX+,,,,,,,,,,,,,,
層,X軸,Y軸,タイプ,Rz,Mx,My,θX,θY,,,,,,,
,,,,kN,kNm,kNm,rad,rad,,,,,,,
<data>,,,,,,,,,,,,,,,
1SL,J1,JA,上部,-32.8,0,0,-0.00028,0,,,,,,,
,,,偏心,0,0,0,0,0,<RE>,,,,,,
1SL,J2,JA,上部,-23.5,0,0,-0.00005,0.00001,,,,,,,
,,,偏心,0,0,0,0,0,<RE>,,,,,,
1SL,J3,JA,上部,12.4,0,0,-0.00028,0,,,,,,,
,,,偏心,0,0,0,0,0,<RE>,,,,,,
1SL,J1,JB,上部,-47.1,0,0,-0.00028,0,,,,,,,
,,,偏心,0,0,0,0,0,<RE>,,,,,,
1SL,J2,JB,上部,-47.7,0,0,-0.00005,0,,,,,,,
,,,偏心,0,0,0,0,0,<RE>,,,,,,
1SL,J3,JB,上部,5.2,0,0,-0.00029,0,,,,,,,
,,,偏心,0,0,0,0,0,<RE>,,,,,,
1SL,J1,JC,上部,-46.8,0,0,-0.00028,0,,,,,,,
,,,偏心,0,0,0,0,0,<RE>,,,,,,
1SL,J2,JC,上部,-47.2,0,0,-0.00005,0,,,,,,,
,,,偏心,0,0,0,0,0,<RE>,,,,,,
1SL,J3,JC,上部,5.5,0,0,-0.00029,0,,,,,,,
,,,偏心,0,0,0,0,0,<RE>,,,,,,
1SL,J1,JD,上部,-48.4,0,0,-0.00028,0,,,,,,,
,,,偏心,0,0,0,0,0,<RE>,,,,,,
1SL,J2,JD,上部,-49.2,0,0,-0.00005,0,,,,,,,
,,,偏心,0,0,0,0,0,<RE>,,,,,,
1SL,J3,JD,上部,4.6,0,0,-0.0003,0,,,,,,,
,,,偏心,0,0,0,0,0,<RE>,,,,,,
1SL,J1,JE,上部,-34.4,0,0,-0.00028,-0.00001,,,,,,,
,,,偏心,0,0,0,0,0,<RE>,,,,,,
1SL,J2,JE,上部,-24.2,0,0,-0.00004,-0.00001,,,,,,,
,,,偏心,0,0,0,0,0,<RE>,,,,,,
1SL,J3,JE,上部,13.5,0,0,-0.00029,0,,,,,,,
,,,偏心,0,0,0,0,0,<RE>,,,,,,
,,,,,,,,,,,,,,,
,,,,,,,,,,,,,,,
name=基礎反力表,case=WX-,,,,,,,,,,,,,,
層,X軸,Y軸,タイプ,Rz,Mx,My,θX,θY,,,,,,,
,,,,kN,kNm,kNm,rad,rad,,,,,,,
<data>,,,,,,,,,,,,,,,
1SL,J1,JA,上部,12.4,0,0,0.00028,0,,,,,,,
,,,偏心,0,0,0,0,0,<RE>,,,,,,
1SL,J2,JA,上部,-23.5,0,0,0.00005,0.00001,,,,,,,
,,,偏心,0,0,0,0,0,<RE>,,,,,,
1SL,J3,JA,上部,-32.8,0,0,0.00028,0,,,,,,,
,,,偏心,0,0,0,0,0,<RE>,,,,,,
1SL,J1,JB,上部,5.2,0,0,0.00029,0,,,,,,,
,,,偏心,0,0,0,0,0,<RE>,,,,,,
1SL,J2,JB,上部,-47.7,0,0,0.00005,0,,,,,,,
,,,偏心,0,0,0,0,0,<RE>,,,,,,
1SL,J3,JB,上部,-47.2,0,0,0.00028,0,,,,,,,
,,,偏心,0,0,0,0,0,<RE>,,,,,,
1SL,J1,JC,上部,5.5,0,0,0.00029,0,,,,,,,
,,,偏心,0,0,0,0,0,<RE>,,,,,,
1SL,J2,JC,上部,-47.2,0,0,0.00005,0,,,,,,,
,,,偏心,0,0,0,0,0,<RE>,,,,,,
1SL,J3,JC,上部,-46.8,0,0,0.00028,0,,,,,,,
,,,偏心,0,0,0,0,0,<RE>,,,,,,
1SL,J1,JD,上部,4.7,0,0,0.00029,0,,,,,,,
,,,偏心,0,0,0,0,0,<RE>,,,,,,
1SL,J2,JD,上部,-49.2,0,0,0.00005,0,,,,,,,
,,,偏心,0,0,0,0,0,<RE>,,,,,,
1SL,J3,JD,上部,-48.4,0,0,0.00028,0,,,,,,,
,,,偏心,0,0,0,0,0,<RE>,,,,,,
1SL,J1,JE,上部,13.4,0,0,0.00029,0,,,,,,,
,,,偏心,0,0,0,0,0,<RE>,,,,,,
1SL,J2,JE,上部,-24.2,0,0,0.00004,-0.00001,,,,,,,
,,,偏心,0,0,0,0,0,<RE>,,,,,,
1SL,J3,JE,上部,-34.4,0,0,0.00028,-0.00001,,,,,,,
,,,偏心,0,0,0,0,0,<RE>,,,,,,
,,,,,,,,,,,,,,,
,,,,,,,,,,,,,,,
name=基礎反力表,case=WY+,,,,,,,,,,,,,,
層,X軸,Y軸,タイプ,Rz,Mx,My,θX,θY,,,,,,,
,,,,kN,kNm,kNm,rad,rad,,,,,,,
<data>,,,,,,,,,,,,,,,
1SL,J1,JA,上部,-17.4,0,0,0,-0.00011,,,,,,,
,,,偏心,0,0,0,0,0,<RE>,,,,,,
1SL,J2,JA,上部,-27,0,0,0,-0.00013,,,,,,,
,,,偏心,0,0,0,0,0,<RE>,,,,,,
1SL,J3,JA,上部,-17.4,0,0,0,-0.00011,,,,,,,
,,,偏心,0,0,0,0,0,<RE>,,,,,,
1SL,J1,JB,上部,-10.7,0,0,0,-0.00003,,,,,,,
,,,偏心,0,0,0,0,0,<RE>,,,,,,
1SL,J2,JB,上部,-23.6,0,0,0,-0.00003,,,,,,,
,,,偏心,0,0,0,0,0,<RE>,,,,,,
1SL,J3,JB,上部,-10.7,0,0,0,-0.00003,,,,,,,
,,,偏心,0,0,0,0,0,<RE>,,,,,,
1SL,J1,JC,上部,-13,0,0,0,-0.00006,,,,,,,
,,,偏心,0,0,0,0,0,<RE>,,,,,,
1SL,J2,JC,上部,-27.2,0,0,0,-0.00006,,,,,,,
,,,偏心,0,0,0,0,0,<RE>,,,,,,
1SL,J3,JC,上部,-13,0,0,0,-0.00006,,,,,,,
,,,偏心,0,0,0,0,0,<RE>,,,,,,
1SL,J1,JD,上部,-17.2,0,0,0,-0.00003,,,,,,,
,,,偏心,0,0,0,0,0,<RE>,,,,,,
1SL,J2,JD,上部,-33,0,0,0,-0.00003,,,,,,,
,,,偏心,0,0,0,0,0,<RE>,,,,,,
1SL,J3,JD,上部,-17.2,0,0,0,-0.00003,,,,,,,
,,,偏心,0,0,0,0,0,<RE>,,,,,,
1SL,J1,JE,上部,4.3,0,0,0,-0.00011,,,,,,,
,,,偏心,0,0,0,0,0,<RE>,,,,,,
1SL,J2,JE,上部,-0.8,0,0,0,-0.00014,,,,,,,
,,,偏心,0,0,0,0,0,<RE>,,,,,,
1SL,J3,JE,上部,4.3,0,0,0,-0.00011,,,,,,,
,,,偏心,0,0,0,0,0,<RE>,,,,,,
,,,,,,,,,,,,,,,
,,,,,,,,,,,,,,,
name=基礎反力表,case=WY-,,,,,,,,,,,,,,
層,X軸,Y軸,タイプ,Rz,Mx,My,θX,θY,,,,,,,
,,,,kN,kNm,kNm,rad,rad,,,,,,,
<data>,,,,,,,,,,,,,,,
1SL,J1,JA,上部,-5.4,0,0,0,0.00009,,,,,,,
,,,偏心,0,0,0,0,0,<RE>,,,,,,
1SL,J2,JA,上部,-18,0,0,0,0.00011,,,,,,,
,,,偏心,0,0,0,0,0,<RE>,,,,,,
1SL,J3,JA,上部,-5.4,0,0,0,0.00009,,,,,,,
,,,偏心,0,0,0,0,0,<RE>,,,,,,
1SL,J1,JB,上部,-28.9,0,0,0,0.00002,,,,,,,
,,,偏心,0,0,0,0,0,<RE>,,,,,,
1SL,J2,JB,上部,-58.1,0,0,0,0.00002,,,,,,,
,,,偏心,0,0,0,0,0,<RE>,,,,,,
1SL,J3,JB,上部,-28.9,0,0,0,0.00002,,,,,,,
,,,偏心,0,0,0,0,0,<RE>,,,,,,
1SL,J1,JC,上部,-26.7,0,0,0.00001,0.00004,,,,,,,
,,,偏心,0,0,0,0,0,<RE>,,,,,,
1SL,J2,JC,上部,-55.2,0,0,0,0.00005,,,,,,,
,,,偏心,0,0,0,0,0,<RE>,,,,,,
1SL,J3,JC,上部,-26.7,0,0,-0.00001,0.00004,,,,,,,
,,,偏心,0,0,0,0,0,<RE>,,,,,,
1SL,J1,JD,上部,-25.6,0,0,0.00001,0.00003,,,,,,,
,,,偏心,0,0,0,0,0,<RE>,,,,,,
1SL,J2,JD,上部,-53.8,0,0,0,0.00003,,,,,,,
,,,偏心,0,0,0,0,0,<RE>,,,,,,
1SL,J3,JD,上部,-25.6,0,0,-0.00001,0.00003,,,,,,,
,,,偏心,0,0,0,0,0,<RE>,,,,,,
1SL,J1,JE,上部,-21.2,0,0,0,0.00008,,,,,,,
,,,偏心,0,0,0,0,0,<RE>,,,,,,
1SL,J2,JE,上部,-37.8,0,0,0,0.0001,,,,,,,
,,,偏心,0,0,0,0,0,<RE>,,,,,,
1SL,J3,JE,上部,-21.2,0,0,0,0.00008,,,,,,,
,,,偏心,0,0,0,0,0,<RE>,,,,,,
,,,,,,,,,,,,,,,
,,,,,,,,,,,,,,,
name=基礎反力表,case=EX+,,,,,,,,,,,,,,
層,X軸,Y軸,タイプ,Rz,Mx,My,θX,θY,,,,,,,
,,,,kN,kNm,kNm,rad,rad,,,,,,,
<data>,,,,,,,,,,,,,,,
1SL,J1,JA,上部,-34.5,0,0,-0.00056,0,,,,,,,
,,,偏心,0,0,0,0,0,<RE>,,,,,,
1SL,J2,JA,上部,0.1,0,0,-0.00008,0,,,,,,,
,,,偏心,0,0,0,0,0,<RE>,,,,,,
1SL,J3,JA,上部,34.5,0,0,-0.00056,0,,,,,,,
,,,偏心,0,0,0,0,0,<RE>,,,,,,
1SL,J1,JB,上部,-35.7,0,0,-0.00056,0,,,,,,,
,,,偏心,0,0,0,0,0,<RE>,,,,,,
1SL,J2,JB,上部,-0.1,0,0,-0.00008,0,,,,,,,
,,,偏心,0,0,0,0,0,<RE>,,,,,,
1SL,J3,JB,上部,35.7,0,0,-0.00056,0,,,,,,,
,,,偏心,0,0,0,0,0,<RE>,,,,,,
1SL,J1,JC,上部,-34.8,0,0,-0.00055,0,,,,,,,
,,,偏心,0,0,0,0,0,<RE>,,,,,,
1SL,J2,JC,上部,-0.1,0,0,-0.00008,0,,,,,,,
,,,偏心,0,0,0,0,0,<RE>,,,,,,
1SL,J3,JC,上部,34.8,0,0,-0.00055,0,,,,,,,
,,,偏心,0,0,0,0,0,<RE>,,,,,,
1SL,J1,JD,上部,-33.8,0,0,-0.00054,0,,,,,,,
,,,偏心,0,0,0,0,0,<RE>,,,,,,
1SL,J2,JD,上部,0.1,0,0,-0.00008,0,,,,,,,
,,,偏心,0,0,0,0,0,<RE>,,,,,,
1SL,J3,JD,上部,33.8,0,0,-0.00054,0,,,,,,,
,,,偏心,0,0,0,0,0,<RE>,,,,,,
1SL,J1,JE,上部,-35.1,0,0,-0.00051,0,,,,,,,
,,,偏心,0,0,0,0,0,<RE>,,,,,,
1SL,J2,JE,上部,0.1,0,0,-0.00008,0,,,,,,,
,,,偏心,0,0,0,0,0,<RE>,,,,,,
1SL,J3,JE,上部,35.1,0,0,-0.00051,0,,,,,,,
,,,偏心,0,0,0,0,0,<RE>,,,,,,
,,,,,,,,,,,,,,,
,,,,,,,,,,,,,,,
name=基礎反力表,case=EX-,,,,,,,,,,,,,,
層,X軸,Y軸,タイプ,Rz,Mx,My,θX,θY,,,,,,,
,,,,kN,kNm,kNm,rad,rad,,,,,,,
<data>,,,,,,,,,,,,,,,
1SL,J1,JA,上部,34.5,0,0,0.00056,0,,,,,,,
,,,偏心,0,0,0,0,0,<RE>,,,,,,
1SL,J2,JA,上部,-0.1,0,0,0.00008,0,,,,,,,
,,,偏心,0,0,0,0,0,<RE>,,,,,,
1SL,J3,JA,上部,-34.5,0,0,0.00056,0,,,,,,,
,,,偏心,0,0,0,0,0,<RE>,,,,,,
1SL,J1,JB,上部,35.7,0,0,0.00056,0,,,,,,,
,,,偏心,0,0,0,0,0,<RE>,,,,,,
1SL,J2,JB,上部,0.1,0,0,0.00008,0,,,,,,,
,,,偏心,0,0,0,0,0,<RE>,,,,,,
1SL,J3,JB,上部,-35.7,0,0,0.00056,0,,,,,,,
,,,偏心,0,0,0,0,0,<RE>,,,,,,
1SL,J1,JC,上部,34.8,0,0,0.00055,0,,,,,,,
,,,偏心,0,0,0,0,0,<RE>,,,,,,
1SL,J2,JC,上部,0.1,0,0,0.00008,0,,,,,,,
,,,偏心,0,0,0,0,0,<RE>,,,,,,
1SL,J3,JC,上部,-34.8,0,0,0.00055,0,,,,,,,
,,,偏心,0,0,0,0,0,<RE>,,,,,,
1SL,J1,JD,上部,33.8,0,0,0.00054,0,,,,,,,
,,,偏心,0,0,0,0,0,<RE>,,,,,,
1SL,J2,JD,上部,-0.1,0,0,0.00008,0,,,,,,,
,,,偏心,0,0,0,0,0,<RE>,,,,,,
1SL,J3,JD,上部,-33.8,0,0,0.00054,0,,,,,,,
,,,偏心,0,0,0,0,0,<RE>,,,,,,
1SL,J1,JE,上部,35.1,0,0,0.00051,0,,,,,,,
,,,偏心,0,0,0,0,0,<RE>,,,,,,
1SL,J2,JE,上部,-0.1,0,0,0.00008,0,,,,,,,
,,,偏心,0,0,0,0,0,<RE>,,,,,,
1SL,J3,JE,上部,-35.1,0,0,0.00051,0,,,,,,,
,,,偏心,0,0,0,0,0,<RE>,,,,,,
,,,,,,,,,,,,,,,
,,,,,,,,,,,,,,,
name=基礎反力表,case=EY+,,,,,,,,,,,,,,
層,X軸,Y軸,タイプ,Rz,Mx,My,θX,θY,,,,,,,
,,,,kN,kNm,kNm,rad,rad,,,,,,,
<data>,,,,,,,,,,,,,,,
1SL,J1,JA,上部,-34.6,0,0,0,-0.00039,,,,,,,
,,,偏心,0,0,0,0,0,<RE>,,,,,,
1SL,J2,JA,上部,-42.3,0,0,0,-0.00046,,,,,,,
,,,偏心,0,0,0,0,0,<RE>,,,,,,
1SL,J3,JA,上部,-34.7,0,0,0,-0.00039,,,,,,,
,,,偏心,0,0,0,0,0,<RE>,,,,,,
1SL,J1,JB,上部,9.3,0,0,0,-0.00011,,,,,,,
,,,偏心,0,0,0,0,0,<RE>,,,,,,
1SL,J2,JB,上部,12.8,0,0,0,-0.00012,,,,,,,
,,,偏心,0,0,0,0,0,<RE>,,,,,,
1SL,J3,JB,上部,9.2,0,0,0,-0.00011,,,,,,,
,,,偏心,0,0,0,0,0,<RE>,,,,,,
1SL,J1,JC,上部,1.1,0,0,0,-0.00021,,,,,,,
,,,偏心,0,0,0,0,0,<RE>,,,,,,
1SL,J2,JC,上部,1.2,0,0,0,-0.00023,,,,,,,
,,,偏心,0,0,0,0,0,<RE>,,,,,,
1SL,J3,JC,上部,1,0,0,0,-0.00021,,,,,,,
,,,偏心,0,0,0,0,0,<RE>,,,,,,
1SL,J1,JD,上部,-10.3,0,0,0,-0.00012,,,,,,,
,,,偏心,0,0,0,0,0,<RE>,,,,,,
1SL,J2,JD,上部,-14.1,0,0,0,-0.00013,,,,,,,
,,,偏心,0,0,0,0,0,<RE>,,,,,,
1SL,J3,JD,上部,-10.2,0,0,0,-0.00012,,,,,,,
,,,偏心,0,0,0,0,0,<RE>,,,,,,
1SL,J1,JE,上部,34.7,0,0,0,-0.0004,,,,,,,
,,,偏心,0,0,0,0,0,<RE>,,,,,,
1SL,J2,JE,上部,42.5,0,0,0,-0.00047,,,,,,,
,,,偏心,0,0,0,0,0,<RE>,,,,,,
1SL,J3,JE,上部,34.7,0,0,0,-0.0004,,,,,,,
,,,偏心,0,0,0,0,0,<RE>,,,,,,
,,,,,,,,,,,,,,,
,,,,,,,,,,,,,,,
name=基礎反力表,case=EY-,,,,,,,,,,,,,,
層,X軸,Y軸,タイプ,Rz,Mx,My,θX,θY,,,,,,,
,,,,kN,kNm,kNm,rad,rad,,,,,,,
<data>,,,,,,,,,,,,,,,
1SL,J1,JA,上部,34.6,0,0,0,0.00039,,,,,,,
,,,偏心,0,0,0,0,0,<RE>,,,,,,
1SL,J2,JA,上部,42.3,0,0,0,0.00046,,,,,,,
,,,偏心,0,0,0,0,0,<RE>,,,,,,
1SL,J3,JA,上部,34.7,0,0,0,0.00039,,,,,,,
,,,偏心,0,0,0,0,0,<RE>,,,,,,
1SL,J1,JB,上部,-9.3,0,0,0,0.00011,,,,,,,
,,,偏心,0,0,0,0,0,<RE>,,,,,,
1SL,J2,JB,上部,-12.8,0,0,0,0.00012,,,,,,,
,,,偏心,0,0,0,0,0,<RE>,,,,,,
1SL,J3,JB,上部,-9.2,0,0,0,0.00011,,,,,,,
,,,偏心,0,0,0,0,0,<RE>,,,,,,
1SL,J1,JC,上部,-1.1,0,0,0,0.00021,,,,,,,
,,,偏心,0,0,0,0,0,<RE>,,,,,,
1SL,J2,JC,上部,-1.2,0,0,0,0.00023,,,,,,,
,,,偏心,0,0,0,0,0,<RE>,,,,,,
1SL,J3,JC,上部,-1,0,0,0,0.00021,,,,,,,
,,,偏心,0,0,0,0,0,<RE>,,,,,,
1SL,J1,JD,上部,10.3,0,0,0,0.00012,,,,,,,
,,,偏心,0,0,0,0,0,<RE>,,,,,,
1SL,J2,JD,上部,14.1,0,0,0,0.00013,,,,,,,
,,,偏心,0,0,0,0,0,<RE>,,,,,,
1SL,J3,JD,上部,10.2,0,0,0,0.00012,,,,,,,
,,,偏心,0,0,0,0,0,<RE>,,,,,,
1SL,J1,JE,上部,-34.7,0,0,0,0.0004,,,,,,,
,,,偏心,0,0,0,0,0,<RE>,,,,,,
1SL,J2,JE,上部,-42.5,0,0,0,0.00047,,,,,,,
,,,偏心,0,0,0,0,0,<RE>,,,,,,
1SL,J3,JE,上部,-34.7,0,0,0,0.0004,,,,,,,
,,,偏心,0,0,0,0,0,<RE>,,,,,,
,,,,,,,,,,,,,,,
,,,,,,,,,,,,,,,
name=基礎設計用曲げ応力表,case=L,,,,,,,,,,,,,,
層,X軸,Y軸,符号,方向,支点M,支点Q,偏心M,杭頭M,杭頭Q,h1,h2,M1,M2,曲げの考慮,
,,,,,kNm,kN,kNm,kNm,kN,mm,mm,kNm,kNm,,
<data>,,,,,,,,,,,,,,,
1SL,J1,JA,F2,x,0,-9,0,,,550,,,-5,考慮しない,
,,,,y,0,-15.1,0,,,,,,-8.3,,<RE>
1SL,J2,JA,F2,x,0,0.4,0,,,550,,,0.3,考慮しない,
,,,,y,0,-18.3,0,,,,,,-10.1,,<RE>
1SL,J3,JA,F2,x,0,9.5,0,,,550,,,5.3,考慮しない,
,,,,y,0,-14.7,0,,,,,,-8.1,,<RE>
1SL,J1,JB,F2,x,0,-11.6,0,,,550,,,-6.4,考慮しない,
,,,,y,0,2.8,0,,,,,,1.5,,<RE>
1SL,J2,JB,F3,x,0,1,0,,,550,,,0.6,考慮しない,
,,,,y,0,6.1,0,,,,,,3.4,,<RE>
1SL,J3,JB,F2,x,0,9.6,0,,,550,,,5.3,考慮しない,
,,,,y,0,6.6,0,,,,,,3.6,,<RE>
1SL,J1,JC,F2,x,0,-12.2,0,,,550,,,-6.7,考慮しない,
,,,,y,0,-0.6,0,,,,,,-0.4,,<RE>
1SL,J2,JC,F3,x,0,0.7,0,,,550,,,0.4,考慮しない,
,,,,y,0,-2.2,0,,,,,,-1.2,,<RE>
1SL,J3,JC,F2,x,0,9.2,0,,,550,,,5.1,考慮しない,
,,,,y,0,-2.6,0,,,,,,-1.4,,<RE>
1SL,J1,JD,F2,x,0,-7.9,0,,,550,,,-4.4,考慮しない,
,,,,y,0,-0.2,0,,,,,,-0.2,,<RE>
1SL,J2,JD,F3,x,0,-8.1,0,,,550,,,-4.5,考慮しない,
,,,,y,0,2.8,0,,,,,,1.6,,<RE>
1SL,J3,JD,F2,x,0,18.1,0,,,550,,,10,考慮しない,
,,,,y,0,5.2,0,,,,,,2.9,,<RE>
1SL,J1,JE,F2,x,0,-8.1,0,,,550,,,-4.5,考慮しない,
,,,,y,0,12.1,0,,,,,,6.7,,<RE>
1SL,J2,JE,F2,x,0,-6.3,0,,,550,,,-3.5,考慮しない,
,,,,y,0,11.7,0,,,,,,6.5,,<RE>
1SL,J3,JE,F2,x,0,14.7,0,,,550,,,8.1,考慮しない,
,,,,y,0,6.4,0,,,,,,3.6,,<RE>
,,,,,,,,,,,,,,,
,,,,,,,,,,,,,,,
name=基礎設計用曲げ応力表,case=L+S,,,,,,,,,,,,,,
層,X軸,Y軸,符号,方向,支点M,支点Q,偏心M,杭頭M,杭頭Q,h1,h2,M1,M2,曲げの考慮,
,,,,,kNm,kN,kNm,kNm,kN,mm,mm,kNm,kNm,,
<data>,,,,,,,,,,,,,,,
1SL,J1,JA,F2,x,0,-8.8,0,,,550,,,-4.9,考慮しない,
,,,,y,0,-14.8,0,,,,,,-8.1,,<RE>
1SL,J2,JA,F2,x,0,0.4,0,,,550,,,0.3,考慮しない,
,,,,y,0,-17.9,0,,,,,,-9.9,,<RE>
1SL,J3,JA,F2,x,0,9.3,0,,,550,,,5.2,考慮しない,
,,,,y,0,-14.5,0,,,,,,-8,,<RE>
1SL,J1,JB,F2,x,0,-11.2,0,,,550,,,-6.2,考慮しない,
,,,,y,0,2.7,0,,,,,,1.5,,<RE>
1SL,J2,JB,F3,x,0,1,0,,,550,,,0.6,考慮しない,
,,,,y,0,6,0,,,,,,3.3,,<RE>
1SL,J3,JB,F2,x,0,9.2,0,,,550,,,5.1,考慮しない,
,,,,y,0,6.5,0,,,,,,3.6,,<RE>
1SL,J1,JC,F2,x,0,-11.8,0,,,550,,,-6.5,考慮しない,
,,,,y,0,-0.6,0,,,,,,-0.3,,<RE>
1SL,J2,JC,F3,x,0,0.7,0,,,550,,,0.4,考慮しない,
,,,,y,0,-2.2,0,,,,,,-1.2,,<RE>
1SL,J3,JC,F2,x,0,8.8,0,,,550,,,4.8,考慮しない,
,,,,y,0,-2.6,0,,,,,,-1.4,,<RE>
1SL,J1,JD,F2,x,0,-7.5,0,,,550,,,-4.1,考慮しない,
,,,,y,0,-0.2,0,,,,,,-0.1,,<RE>
1SL,J2,JD,F3,x,0,-8.1,0,,,550,,,-4.5,考慮しない,
,,,,y,0,2.9,0,,,,,,1.6,,<RE>
1SL,J3,JD,F2,x,0,17.7,0,,,550,,,9.8,考慮しない,
,,,,y,0,5.3,0,,,,,,2.9,,<RE>
1SL,J1,JE,F2,x,0,-7.9,0,,,550,,,-4.4,考慮しない,
,,,,y,0,11.8,0,,,,,,6.5,,<RE>
1SL,J2,JE,F2,x,0,-6.3,0,,,550,,,-3.5,考慮しない,
,,,,y,0,11.3,0,,,,,,6.2,,<RE>
1SL,J3,JE,F2,x,0,14.5,0,,,550,,,8,考慮しない,
,,,,y,0,6.1,0,,,,,,3.4,,<RE>
,,,,,,,,,,,,,,,
,,,,,,,,,,,,,,,
name=基礎設計用曲げ応力表,case=L+Wx,,,,,,,,,,,,,,
層,X軸,Y軸,符号,方向,支点M,支点Q,偏心M,杭頭M,杭頭Q,h1,h2,M1,M2,曲げの考慮,
,,,,,kNm,kN,kNm,kNm,kN,mm,mm,kNm,kNm,,
<data>,,,,,,,,,,,,,,,
1SL,J1,JA,F2,x,0,9,0,,,550,,,5,考慮しない,
,,,,y,0,-20.4,0,,,,,,-11.2,,<RE>
1SL,J2,JA,F2,x,0,21.8,0,,,550,,,12,考慮しない,
,,,,y,0,-27.4,0,,,,,,-15.1,,<RE>
1SL,J3,JA,F2,x,0,26.8,0,,,550,,,14.8,考慮しない,
,,,,y,0,-18.8,0,,,,,,-10.3,,<RE>
1SL,J1,JB,F2,x,0,9.5,0,,,550,,,5.2,考慮しない,
,,,,y,0,2.8,0,,,,,,1.6,,<RE>
1SL,J2,JB,F3,x,0,22.5,0,,,550,,,12.4,考慮しない,
,,,,y,0,6,0,,,,,,3.3,,<RE>
1SL,J3,JB,F2,x,0,29.4,0,,,550,,,16.2,考慮しない,
,,,,y,0,6.2,0,,,,,,3.5,,<RE>
1SL,J1,JC,F2,x,0,9.1,0,,,550,,,5,考慮しない,
,,,,y,0,-0.6,0,,,,,,-0.4,,<RE>
1SL,J2,JC,F3,x,0,22.1,0,,,550,,,12.2,考慮しない,
,,,,y,0,-2.4,0,,,,,,-1.3,,<RE>
1SL,J3,JC,F2,x,0,29,0,,,550,,,16,考慮しない,
,,,,y,0,-3,0,,,,,,-1.7,,<RE>
1SL,J1,JD,F2,x,0,13.7,0,,,550,,,7.6,考慮しない,
,,,,y,0,-0.4,0,,,,,,-0.2,,<RE>
1SL,J2,JD,F3,x,0,13.4,0,,,550,,,7.4,考慮しない,
,,,,y,0,2.5,0,,,,,,1.4,,<RE>
1SL,J3,JD,F2,x,0,38.3,0,,,550,,,21.1,考慮しない,
,,,,y,0,4.7,0,,,,,,2.6,,<RE>
1SL,J1,JE,F2,x,0,10.2,0,,,550,,,5.6,考慮しない,
,,,,y,0,17.8,0,,,,,,9.8,,<RE>
1SL,J2,JE,F2,x,0,15,0,,,550,,,8.3,考慮しない,
,,,,y,0,20.9,0,,,,,,11.5,,<RE>
1SL,J3,JE,F2,x,0,32.2,0,,,550,,,17.7,考慮しない,
,,,,y,0,9.9,0,,,,,,5.5,,<RE>
,,,,,,,,,,,,,,,
,,,,,,,,,,,,,,,
name=基礎設計用曲げ応力表,case=L-Wx,,,,,,,,,,,,,,
層,X軸,Y軸,符号,方向,支点M,支点Q,偏心M,杭頭M,杭頭Q,h1,h2,M1,M2,曲げの考慮,
,,,,,kNm,kN,kNm,kNm,kN,mm,mm,kNm,kNm,,
<data>,,,,,,,,,,,,,,,
1SL,J1,JA,F2,x,0,-26.3,0,,,550,,,-14.5,考慮しない,
,,,,y,0,-19.1,0,,,,,,-10.5,,<RE>
1SL,J2,JA,F2,x,0,-21,0,,,550,,,-11.6,考慮しない,
,,,,y,0,-27.4,0,,,,,,-15.1,,<RE>
1SL,J3,JA,F2,x,0,-8.4,0,,,550,,,-4.7,考慮しない,
,,,,y,0,-20.1,0,,,,,,-11.1,,<RE>
1SL,J1,JB,F2,x,0,-31.4,0,,,550,,,-17.3,考慮しない,
,,,,y,0,2.5,0,,,,,,1.4,,<RE>
1SL,J2,JB,F3,x,0,-20.6,0,,,550,,,-11.3,考慮しない,
,,,,y,0,6,0,,,,,,3.3,,<RE>
1SL,J3,JB,F2,x,0,-11.5,0,,,550,,,-6.3,考慮しない,
,,,,y,0,6.6,0,,,,,,3.7,,<RE>
1SL,J1,JC,F2,x,0,-32.1,0,,,550,,,-17.7,考慮しない,
,,,,y,0,-1,0,,,,,,-0.6,,<RE>
1SL,J2,JC,F3,x,0,-20.9,0,,,550,,,-11.5,考慮しない,
,,,,y,0,-2.4,0,,,,,,-1.3,,<RE>
1SL,J3,JC,F2,x,0,-12.1,0,,,550,,,-6.7,考慮しない,
,,,,y,0,-2.6,0,,,,,,-1.5,,<RE>
1SL,J1,JD,F2,x,0,-28.1,0,,,550,,,-15.5,考慮しない,
,,,,y,0,-0.7,0,,,,,,-0.4,,<RE>
1SL,J2,JD,F3,x,0,-29.5,0,,,550,,,-16.3,考慮しない,
,,,,y,0,2.5,0,,,,,,1.4,,<RE>
1SL,J3,JD,F2,x,0,-3.5,0,,,550,,,-1.9,考慮しない,
,,,,y,0,5.1,0,,,,,,2.8,,<RE>
1SL,J1,JE,F2,x,0,-25.7,0,,,550,,,-14.1,考慮しない,
,,,,y,0,15.5,0,,,,,,8.5,,<RE>
1SL,J2,JE,F2,x,0,-27.5,0,,,550,,,-15.2,考慮しない,
,,,,y,0,20.9,0,,,,,,11.5,,<RE>
1SL,J3,JE,F2,x,0,-3.6,0,,,550,,,-2,考慮しない,
,,,,y,0,12.2,0,,,,,,6.7,,<RE>
,,,,,,,,,,,,,,,
,,,,,,,,,,,,,,,
name=基礎設計用曲げ応力表,case=L+Wy,,,,,,,,,,,,,,
層,X軸,Y軸,符号,方向,支点M,支点Q,偏心M,杭頭M,杭頭Q,h1,h2,M1,M2,曲げの考慮,
,,,,,kNm,kN,kNm,kNm,kN,mm,mm,kNm,kNm,,
<data>,,,,,,,,,,,,,,,
1SL,J1,JA,F2,x,0,-13.4,0,,,550,,,-7.4,考慮しない,
,,,,y,0,-3.9,0,,,,,,-2.2,,<RE>
1SL,J2,JA,F2,x,0,0.4,0,,,550,,,0.3,考慮しない,
,,,,y,0,-0.9,0,,,,,,-0.5,,<RE>
1SL,J3,JA,F2,x,0,13.9,0,,,550,,,7.7,考慮しない,
,,,,y,0,-3.6,0,,,,,,-2,,<RE>
1SL,J1,JB,F2,x,0,-18.9,0,,,550,,,-10.4,考慮しない,
,,,,y,0,12.6,0,,,,,,6.9,,<RE>
1SL,J2,JB,F3,x,0,1,0,,,550,,,0.6,考慮しない,
,,,,y,0,18.1,0,,,,,,10,,<RE>
1SL,J3,JB,F2,x,0,16.9,0,,,550,,,9.3,考慮しない,
,,,,y,0,16.4,0,,,,,,9,,<RE>
1SL,J1,JC,F2,x,0,-17.7,0,,,550,,,-9.7,考慮しない,
,,,,y,0,8.5,0,,,,,,4.7,,<RE>
1SL,J2,JC,F3,x,0,0.7,0,,,550,,,0.4,考慮しない,
,,,,y,0,8.9,0,,,,,,4.9,,<RE>
1SL,J3,JC,F2,x,0,14.6,0,,,550,,,8.1,考慮しない,
,,,,y,0,6.5,0,,,,,,3.6,,<RE>
1SL,J1,JD,F2,x,0,-13.5,0,,,550,,,-7.4,考慮しない,
,,,,y,0,9.2,0,,,,,,5.1,,<RE>
1SL,J2,JD,F3,x,0,-8.1,0,,,550,,,-4.5,考慮しない,
,,,,y,0,14.3,0,,,,,,7.9,,<RE>
1SL,J3,JD,F2,x,0,23.7,0,,,550,,,13,考慮しない,
,,,,y,0,14.5,0,,,,,,8,,<RE>
1SL,J1,JE,F2,x,0,-11,0,,,550,,,-6.1,考慮しない,
,,,,y,0,22.1,0,,,,,,12.2,,<RE>
1SL,J2,JE,F2,x,0,-6.3,0,,,550,,,-3.5,考慮しない,
,,,,y,0,26.9,0,,,,,,14.8,,<RE>
1SL,J3,JE,F2,x,0,17.6,0,,,550,,,9.7,考慮しない,
,,,,y,0,16.4,0,,,,,,9,,<RE>
,,,,,,,,,,,,,,,
,,,,,,,,,,,,,,,
name=基礎設計用曲げ応力表,case=L-Wy,,,,,,,,,,,,,,
層,X軸,Y軸,符号,方向,支点M,支点Q,偏心M,杭頭M,杭頭Q,h1,h2,M1,M2,曲げの考慮,
,,,,,kNm,kN,kNm,kNm,kN,mm,mm,kNm,kNm,,
<data>,,,,,,,,,,,,,,,
1SL,J1,JA,F2,x,0,-11.8,0,,,550,,,-6.5,考慮しない,
,,,,y,0,-24.2,0,,,,,,-13.3,,<RE>
1SL,J2,JA,F2,x,0,0.4,0,,,550,,,0.3,考慮しない,
,,,,y,0,-32,0,,,,,,-17.6,,<RE>
1SL,J3,JA,F2,x,0,12.4,0,,,550,,,6.8,考慮しない,
,,,,y,0,-23.9,0,,,,,,-13.2,,<RE>
1SL,J1,JB,F2,x,0,-17.2,0,,,550,,,-9.5,考慮しない,
,,,,y,0,-4.8,0,,,,,,-2.7,,<RE>
1SL,J2,JB,F3,x,0,1,0,,,550,,,0.6,考慮しない,
,,,,y,0,-2.9,0,,,,,,-1.6,,<RE>
1SL,J3,JB,F2,x,0,15.2,0,,,550,,,8.4,考慮しない,
,,,,y,0,-1,0,,,,,,-0.6,,<RE>
1SL,J1,JC,F2,x,0,-18,0,,,550,,,-9.9,考慮しない,
,,,,y,0,-7.8,0,,,,,,-4.3,,<RE>
1SL,J2,JC,F3,x,0,0.7,0,,,550,,,0.4,考慮しない,
,,,,y,0,-10.8,0,,,,,,-6,,<RE>
1SL,J3,JC,F2,x,0,15,0,,,550,,,8.3,考慮しない,
,,,,y,0,-9.8,0,,,,,,-5.4,,<RE>
1SL,J1,JD,F2,x,0,-16,0,,,550,,,-8.8,考慮しない,
,,,,y,0,-7.9,0,,,,,,-4.4,,<RE>
1SL,J2,JD,F3,x,0,-8.1,0,,,550,,,-4.5,考慮しない,
,,,,y,0,-6.6,0,,,,,,-3.6,,<RE>
1SL,J3,JD,F2,x,0,26.2,0,,,550,,,14.4,考慮しない,
,,,,y,0,-2.5,0,,,,,,-1.4,,<RE>
1SL,J1,JE,F2,x,0,-13.2,0,,,550,,,-7.3,考慮しない,
,,,,y,0,2.8,0,,,,,,1.6,,<RE>
1SL,J2,JE,F2,x,0,-6.3,0,,,550,,,-3.5,考慮しない,
,,,,y,0,-3.3,0,,,,,,-1.9,,<RE>
1SL,J3,JE,F2,x,0,19.8,0,,,550,,,10.9,考慮しない,
,,,,y,0,-3.1,0,,,,,,-1.7,,<RE>
,,,,,,,,,,,,,,,
,,,,,,,,,,,,,,,
name=基礎設計用曲げ応力表,case=L+Ex,,,,,,,,,,,,,,
層,X軸,Y軸,符号,方向,支点M,支点Q,偏心M,杭頭M,杭頭Q,h1,h2,M1,M2,曲げの考慮,
,,,,,kNm,kN,kNm,kNm,kN,mm,mm,kNm,kNm,,
<data>,,,,,,,,,,,,,,,
1SL,J1,JA,F2,x,0,20.6,0,,,550,,,11.4,考慮しない,
,,,,y,0,-15.5,0,,,,,,-8.5,,<RE>
1SL,J2,JA,F2,x,0,41.9,0,,,550,,,23,考慮しない,
,,,,y,0,-18.3,0,,,,,,-10.1,,<RE>
1SL,J3,JA,F2,x,0,39.1,0,,,550,,,21.5,考慮しない,
,,,,y,0,-14.3,0,,,,,,-7.9,,<RE>
1SL,J1,JB,F2,x,0,17.4,0,,,550,,,9.6,考慮しない,
,,,,y,0,2.1,0,,,,,,1.2,,<RE>
1SL,J2,JB,F3,x,0,41.6,0,,,550,,,22.9,考慮しない,
,,,,y,0,6.1,0,,,,,,3.4,,<RE>
1SL,J3,JB,F2,x,0,38.5,0,,,550,,,21.2,考慮しない,
,,,,y,0,7.2,0,,,,,,4,,<RE>
1SL,J1,JC,F2,x,0,16.2,0,,,550,,,8.9,考慮しない,
,,,,y,0,-1.2,0,,,,,,-0.7,,<RE>
1SL,J2,JC,F3,x,0,40.4,0,,,550,,,22.2,考慮しない,
,,,,y,0,-2.2,0,,,,,,-1.2,,<RE>
1SL,J3,JC,F2,x,0,37.5,0,,,550,,,20.6,考慮しない,
,,,,y,0,-2,0,,,,,,-1.1,,<RE>
1SL,J1,JD,F2,x,0,20,0,,,550,,,11,考慮しない,
,,,,y,0,-0.8,0,,,,,,-0.5,,<RE>
1SL,J2,JD,F3,x,0,30.9,0,,,550,,,17,考慮しない,
,,,,y,0,2.8,0,,,,,,1.6,,<RE>
1SL,J3,JD,F2,x,0,45.9,0,,,550,,,25.2,考慮しない,
,,,,y,0,5.8,0,,,,,,3.2,,<RE>
1SL,J1,JE,F2,x,0,19.2,0,,,550,,,10.6,考慮しない,
,,,,y,0,11.8,0,,,,,,6.5,,<RE>
1SL,J2,JE,F2,x,0,31.8,0,,,550,,,17.5,考慮しない,
,,,,y,0,11.7,0,,,,,,6.5,,<RE>
1SL,J3,JE,F2,x,0,41.8,0,,,550,,,23,考慮しない,
,,,,y,0,6.7,0,,,,,,3.7,,<RE>
,,,,,,,,,,,,,,,
,,,,,,,,,,,,,,,
name=基礎設計用曲げ応力表,case=L-Ex,,,,,,,,,,,,,,
層,X軸,Y軸,符号,方向,支点M,支点Q,偏心M,杭頭M,杭頭Q,h1,h2,M1,M2,曲げの考慮,
,,,,,kNm,kN,kNm,kNm,kN,mm,mm,kNm,kNm,,
<data>,,,,,,,,,,,,,,,
1SL,J1,JA,F2,x,0,-38.5,0,,,550,,,-21.2,考慮しない,
,,,,y,0,-14.6,0,,,,,,-8.1,,<RE>
1SL,J2,JA,F2,x,0,-41.1,0,,,550,,,-22.6,考慮しない,
,,,,y,0,-18.3,0,,,,,,-10.1,,<RE>
1SL,J3,JA,F2,x,0,-20.1,0,,,550,,,-11.1,考慮しない,
,,,,y,0,-15.1,0,,,,,,-8.4,,<RE>
1SL,J1,JB,F2,x,0,-40.5,0,,,550,,,-22.3,考慮しない,
,,,,y,0,3.4,0,,,,,,1.9,,<RE>
1SL,J2,JB,F3,x,0,-39.6,0,,,550,,,-21.8,考慮しない,
,,,,y,0,6.1,0,,,,,,3.4,,<RE>
1SL,J3,JB,F2,x,0,-19.3,0,,,550,,,-10.7,考慮しない,
,,,,y,0,5.9,0,,,,,,3.3,,<RE>
1SL,J1,JC,F2,x,0,-40.5,0,,,550,,,-22.3,考慮しない,
,,,,y,0,0.1,0,,,,,,0.1,,<RE>
1SL,J2,JC,F3,x,0,-39.1,0,,,550,,,-21.5,考慮しない,
,,,,y,0,-2.2,0,,,,,,-1.2,,<RE>
1SL,J3,JC,F2,x,0,-19.3,0,,,550,,,-10.6,考慮しない,
,,,,y,0,-3.2,0,,,,,,-1.8,,<RE>
1SL,J1,JD,F2,x,0,-35.6,0,,,550,,,-19.6,考慮しない,
,,,,y,0,0.5,0,,,,,,0.3,,<RE>
1SL,J2,JD,F3,x,0,-47,0,,,550,,,-25.8,考慮しない,
,,,,y,0,2.8,0,,,,,,1.6,,<RE>
1SL,J3,JD,F2,x,0,-9.7,0,,,550,,,-5.4,考慮しない,
,,,,y,0,4.6,0,,,,,,2.6,,<RE>
1SL,J1,JE,F2,x,0,-35.4,0,,,550,,,-19.5,考慮しない,
,,,,y,0,12.4,0,,,,,,6.8,,<RE>
1SL,J2,JE,F2,x,0,-44.3,0,,,550,,,-24.4,考慮しない,
,,,,y,0,11.7,0,,,,,,6.5,,<RE>
1SL,J3,JE,F2,x,0,-12.5,0,,,550,,,-6.9,考慮しない,
,,,,y,0,6.1,0,,,,,,3.4,,<RE>
,,,,,,,,,,,,,,,
,,,,,,,,,,,,,,,
name=基礎設計用曲げ応力表,case=L+Ey,,,,,,,,,,,,,,
層,X軸,Y軸,符号,方向,支点M,支点Q,偏心M,杭頭M,杭頭Q,h1,h2,M1,M2,曲げの考慮,
,,,,,kNm,kN,kNm,kNm,kN,mm,mm,kNm,kNm,,
<data>,,,,,,,,,,,,,,,
1SL,J1,JA,F2,x,0,-9.1,0,,,550,,,-5,考慮しない,
,,,,y,0,11.1,0,,,,,,6.1,,<RE>
1SL,J2,JA,F2,x,0,0.3,0,,,550,,,0.2,考慮しない,
,,,,y,0,14.6,0,,,,,,8,,<RE>
1SL,J3,JA,F2,x,0,9.4,0,,,550,,,5.2,考慮しない,
,,,,y,0,11.3,0,,,,,,6.2,,<RE>
1SL,J1,JB,F2,x,0,-11.7,0,,,550,,,-6.4,考慮しない,
,,,,y,0,36.6,0,,,,,,20.2,,<RE>
1SL,J2,JB,F3,x,0,1,0,,,550,,,0.6,考慮しない,
,,,,y,0,46.7,0,,,,,,25.7,,<RE>
1SL,J3,JB,F2,x,0,9.6,0,,,550,,,5.3,考慮しない,
,,,,y,0,40.3,0,,,,,,22.2,,<RE>
1SL,J1,JC,F2,x,0,-12.2,0,,,550,,,-6.7,考慮しない,
,,,,y,0,31.4,0,,,,,,17.3,,<RE>
1SL,J2,JC,F3,x,0,0.7,0,,,550,,,0.4,考慮しない,
,,,,y,0,36.3,0,,,,,,20,,<RE>
1SL,J3,JC,F2,x,0,9.2,0,,,550,,,5.1,考慮しない,
,,,,y,0,29.3,0,,,,,,16.1,,<RE>
1SL,J1,JD,F2,x,0,-7.8,0,,,550,,,-4.3,考慮しない,
,,,,y,0,33,0,,,,,,18.2,,<RE>
1SL,J2,JD,F3,x,0,-8,0,,,550,,,-4.4,考慮しない,
,,,,y,0,42.9,0,,,,,,23.6,,<RE>
1SL,J3,JD,F2,x,0,18.2,0,,,550,,,10,考慮しない,
,,,,y,0,38.2,0,,,,,,21,,<RE>
1SL,J1,JE,F2,x,0,-8.1,0,,,550,,,-4.5,考慮しない,
,,,,y,0,36.8,0,,,,,,20.3,,<RE>
1SL,J2,JE,F2,x,0,-6.2,0,,,550,,,-3.4,考慮しない,
,,,,y,0,43.4,0,,,,,,23.9,,<RE>
1SL,J3,JE,F2,x,0,14.8,0,,,550,,,8.2,考慮しない,
,,,,y,0,31,0,,,,,,17.1,,<RE>
,,,,,,,,,,,,,,,
,,,,,,,,,,,,,,,
name=基礎設計用曲げ応力表,case=L-Ey,,,,,,,,,,,,,,
層,X軸,Y軸,符号,方向,支点M,支点Q,偏心M,杭頭M,杭頭Q,h1,h2,M1,M2,曲げの考慮,
,,,,,kNm,kN,kNm,kNm,kN,mm,mm,kNm,kNm,,
<data>,,,,,,,,,,,,,,,
1SL,J1,JA,F2,x,0,-8.9,0,,,550,,,-4.9,考慮しない,
,,,,y,0,-41.1,0,,,,,,-22.6,,<RE>
1SL,J2,JA,F2,x,0,0.5,0,,,550,,,0.3,考慮しない,
,,,,y,0,-51.1,0,,,,,,-28.1,,<RE>
1SL,J3,JA,F2,x,0,9.6,0,,,550,,,5.3,考慮しない,
,,,,y,0,-40.7,0,,,,,,-22.4,,<RE>
1SL,J1,JB,F2,x,0,-11.6,0,,,550,,,-6.4,考慮しない,
,,,,y,0,-31.2,0,,,,,,-17.2,,<RE>
1SL,J2,JB,F3,x,0,1.1,0,,,550,,,0.6,考慮しない,
,,,,y,0,-34.5,0,,,,,,-19,,<RE>
1SL,J3,JB,F2,x,0,9.7,0,,,550,,,5.3,考慮しない,
,,,,y,0,-27.2,0,,,,,,-15,,<RE>
1SL,J1,JC,F2,x,0,-12.2,0,,,550,,,-6.7,考慮しない,
,,,,y,0,-32.5,0,,,,,,-17.9,,<RE>
1SL,J2,JC,F3,x,0,0.7,0,,,550,,,0.4,考慮しない,
,,,,y,0,-40.6,0,,,,,,-22.3,,<RE>
1SL,J3,JC,F2,x,0,9.2,0,,,550,,,5.1,考慮しない,
,,,,y,0,-34.3,0,,,,,,-18.9,,<RE>
1SL,J1,JD,F2,x,0,-7.9,0,,,550,,,-4.4,考慮しない,
,,,,y,0,-33.4,0,,,,,,-18.4,,<RE>
1SL,J2,JD,F3,x,0,-8.2,0,,,550,,,-4.5,考慮しない,
,,,,y,0,-37.3,0,,,,,,-20.5,,<RE>
1SL,J3,JD,F2,x,0,18.1,0,,,550,,,10,考慮しない,
,,,,y,0,-27.9,0,,,,,,-15.4,,<RE>
1SL,J1,JE,F2,x,0,-8.2,0,,,550,,,-4.5,考慮しない,
,,,,y,0,-12.7,0,,,,,,-7,,<RE>
1SL,J2,JE,F2,x,0,-6.4,0,,,550,,,-3.6,考慮しない,
,,,,y,0,-20,0,,,,,,-11,,<RE>
1SL,J3,JE,F2,x,0,14.6,0,,,550,,,8.1,考慮しない,
,,,,y,0,-18.2,0,,,,,,-10.1,,<RE>
,,,,,,,,,,,,,,,
,,,,,,,,,,,,,,,
name=基礎設計用軸力表,,,,,,,,,,,,,,,
層,X軸,Y軸,符号,N [kN],,,,,,,,,,,
,,,,L,L+S,L+Wx,L-Wx,L+Wy,L-Wy,L+Ex,L-Ex,L+Ey,L-Ey,,
<data>,,,,,,,,,,,,,,,
1SL,J1,JA,F2,235,241.4,202.2,247.3,217.6,229.6,200.5,269.4,200.4,269.5,<RE>,
1SL,J2,JA,F2,432.6,446.2,409.1,409.1,405.6,414.7,432.6,432.6,390.3,474.8,<RE>,
1SL,J3,JA,F2,235.9,242.4,248.3,203.2,218.6,230.6,270.4,201.5,201.3,270.6,<RE>,
1SL,J1,JB,F2,411.7,425,364.6,416.8,401.1,382.8,376,447.3,420.9,402.4,<RE>,
1SL,J2,JB,F3,605.5,632.9,557.9,557.9,582,547.5,605.5,605.5,618.2,592.8,<RE>,
1SL,J3,JB,F2,386,399.3,391.1,338.9,375.3,357.1,421.6,350.3,395.1,376.8,<RE>,
1SL,J1,JC,F2,381.7,394.9,335,387.2,368.8,355.1,346.9,416.5,382.7,380.7,<RE>,
1SL,J2,JC,F3,566.2,593.5,519,519,539,511,566.2,566.2,567.3,565,<RE>,
1SL,J3,JC,F2,355.2,368.4,360.7,308.5,342.3,328.6,390,320.4,356.2,354.2,<RE>,
1SL,J1,JD,F2,385.7,399.6,337.4,390.3,368.6,360.1,352,419.4,375.4,396,<RE>,
1SL,J2,JD,F3,594.1,622.4,544.9,544.9,561.2,540.3,594.1,594.1,580,608.1,<RE>,
1SL,J3,JD,F2,413.9,427.7,418.5,365.5,396.7,388.3,447.6,380.2,403.7,424,<RE>,
1SL,J1,JE,F2,212.3,219,177.9,225.7,216.5,191.2,177.2,247.4,246.9,177.7,<RE>,
1SL,J2,JE,F2,387.1,401.1,362.9,362.9,386.3,349.3,387.1,387.1,429.5,344.7,<RE>,
1SL,J3,JE,F2,218,224.7,231.4,183.6,222.3,196.9,253.1,183,252.7,183.4,<RE>,
,,,,,,,,,,,,,,,
,,,,,,,,,,,,,,,
name=独立基礎検定比一覧,,,,,,,,,,,,,,,
符号,支持力,曲げ,,せん断,,パンチング,,,,,,,,,
,,x,y,x,y,,,,,,,,,,
<data>,,,,,,,,,,,,,,,
F2,0.95,0.49,0.04,0.48,0.13,0.21,<RE>,,,,,,,,
F3,0.89,0.05,0.75,0.12,0.78,0.41,<RE>,,,,,,,,
,,,,,,,,,,,,,,,
,,,,,,,,,,,,,,,
name=支持力検討用軸力表,,,,,,,,,,,,,,,
層,X軸,Y軸,符号,N [kN],,,,,,,,,,,
,,,,L,L+S,L+Wx,L-Wx,L+Wy,L-Wy,L+Ex,L-Ex,L+Ey,L-Ey,,
<data>,,,,,,,,,,,,,,,
1SL,J1,JA,F2,275,281.4,242.2,287.3,257.6,269.6,240.5,309.4,240.4,309.5,<RE>,
1SL,J2,JA,F2,472.6,486.2,449.1,449.1,445.6,454.7,472.6,472.6,430.3,514.8,<RE>,
1SL,J3,JA,F2,275.9,282.4,288.3,243.2,258.6,270.6,310.4,241.5,241.3,310.6,<RE>,
1SL,J1,JB,F2,451.7,465,404.6,456.8,441.1,422.8,416,487.3,460.9,442.4,<RE>,
1SL,J2,JB,F3,665.5,692.9,617.9,617.9,642,607.5,665.5,665.5,678.2,652.8,<RE>,
1SL,J3,JB,F2,426,439.3,431.1,378.9,415.3,397.1,461.6,390.3,435.1,416.8,<RE>,
1SL,J1,JC,F2,421.7,434.9,375,427.2,408.8,395.1,386.9,456.5,422.7,420.7,<RE>,
1SL,J2,JC,F3,626.2,653.5,579,579,599,571,626.2,626.2,627.3,625,<RE>,
1SL,J3,JC,F2,395.2,408.4,400.7,348.5,382.3,368.6,430,360.4,396.2,394.2,<RE>,
1SL,J1,JD,F2,425.7,439.6,377.4,430.3,408.6,400.1,392,459.4,415.4,436,<RE>,
1SL,J2,JD,F3,654.1,682.4,604.9,604.9,621.2,600.3,654.1,654.1,640,668.1,<RE>,
1SL,J3,JD,F2,453.9,467.7,458.5,405.5,436.7,428.3,487.6,420.2,443.7,464,<RE>,
1SL,J1,JE,F2,252.3,259,217.9,265.7,256.5,231.2,217.2,287.4,286.9,217.7,<RE>,
1SL,J2,JE,F2,427.1,441.1,402.9,402.9,426.3,389.3,427.1,427.1,469.5,384.7,<RE>,
1SL,J3,JE,F2,258,264.7,271.4,223.6,262.3,236.9,293.1,223,292.7,223.4,<RE>,
,,,,,,,,,,,,,,,
,,,,,,,,,,,,,,,
name=独立・布基礎接地圧分布表,,,,,,,,,,,,,,,
層,X軸,Y軸,符号,σ [kN/m2],,,,,,,,,,,
,,,,L,L+S,L+Wx,L-Wx,L+Wy,L-Wy,L+Ex,L-Ex,L+Ey,L-Ey,,
<data>,,,,,,,,,,,,,,,
1SL,J1,JA,F2,137.5,140.7,121.1,143.7,128.8,134.8,120.3,154.7,120.2,154.8,<RE>,
1SL,J2,JA,F2,236.3,243.1,224.6,224.6,222.8,227.4,236.3,236.3,215.2,257.4,<RE>,
1SL,J3,JA,F2,138,141.2,144.2,121.6,129.3,135.3,155.2,120.8,120.7,155.3,<RE>,
1SL,J1,JB,F2,225.9,232.5,202.3,228.4,220.6,211.4,208,243.7,230.5,221.2,<RE>,
1SL,J2,JB,F3,221.9,231,206,206,214,202.5,221.9,221.9,226.1,217.6,<RE>,
1SL,J3,JB,F2,213,219.7,215.6,189.5,207.7,198.6,230.8,195.2,217.6,208.4,<RE>,
1SL,J1,JC,F2,210.9,217.5,187.5,213.6,204.4,197.6,193.5,228.3,211.4,210.4,<RE>,
1SL,J2,JC,F3,208.8,217.9,193,193,199.7,190.4,208.8,208.8,209.1,208.4,<RE>,
1SL,J3,JC,F2,197.6,204.2,200.4,174.3,191.2,184.3,215,180.2,198.1,197.1,<RE>,
1SL,J1,JD,F2,212.9,219.8,188.7,215.2,204.3,200.1,196,229.7,207.7,218,<RE>,
1SL,J2,JD,F3,218.1,227.5,201.7,201.7,207.1,200.1,218.1,218.1,213.4,222.7,<RE>,
1SL,J3,JD,F2,227,233.9,229.3,202.8,218.4,214.2,243.8,210.1,221.9,232,<RE>,
1SL,J1,JE,F2,126.2,129.5,109,132.9,128.3,115.6,108.6,143.7,143.5,108.9,<RE>,
1SL,J2,JE,F2,213.6,220.6,201.5,201.5,213.2,194.7,213.6,213.6,234.8,192.4,<RE>,
1SL,J3,JE,F2,129,132.4,135.7,111.8,131.2,118.5,146.6,111.5,146.4,111.7,<RE>,
,,,,,,,,,,,,,,,
,,,,,,,,,,,,,,,
name=独立基礎断面算定表,,,,,,,,,,,,,,,
,,,,,,,,,,,,,,,
<data>,,,,,,,,,,,,,,,
基礎符号,,[ F2 ],支点位置,[J2, -JA],,,,長期,,短期,,,,
,Df=1000[mm],,D=600[mm],dtx=100[mm],,支,決定ｹｰｽ,,L,,L-Ey,,,,
σケース：L(支持用),,,,dty=100[mm],,持,Nmax,,433,,475,,,,
,,,,,,力,Wf,,40,,40,,,,
,,,,,,検,Nmax + Wf,,473,,515,,,,
,,,,,,討,付加曲げMx,,,,,,,,
,,,,,,,付加曲げMy,,,,,,,,
,,,,,,,σmax,,237,,258,,,,
,,,,,,,qa,,250,,500,,,,
,,,,,,,検定比,,0.95  OK,,0.52  OK,,,,
,,,,,,方向,,,X,Y,X,Y,,,
,,,,,,基,曲,決定ｹｰｽ,L,L,L-Ey,L-Ey,,,
,,,,,,礎,げ,付加曲げ,,,,,,,
,,,,,,断,,設計Md,50,7,55,8,,,
,,,,,,面,,ld,,,980,980,,,
,,,,,,算,,設計配筋,6-D16,11-D16,6-D16,11-D16,,,
,,,,,,定,,許容Ma,102,187,154,282,,,
,,,,,,,,検定比,0.49  OK,0.04  OK,0.36  OK,0.03  OK,,,
,,,,,,,せ,決定ｹｰｽ,L,L,L-Ey,L-Ey,,,
,,,,,,,ん,付加曲げ,,,,,,,
,,,,,,,断,設計Qd,146,76,161,84,,,
,,,,,,,,設計τ,0.34,0.09,0.37,0.1,,,
,,,,,,,,許容τ,0.7,0.7,1.05,1.05,,,
,,,,,,,,検定比,0.48  OK,0.13  OK,0.35  OK,0.10  OK,,,
,,,,,,,パン,決定ｹｰｽ,L,,L-Ey,,,,
,,,,,,,チング,設計Qpd,184,,202,,,,
,,,,,,,,許容Qpa,919,,1379,,,,
,,,,,,,,検定比,0.21  OK,,0.15  OK,,<RE>,,
基礎符号,,[ F3 ],支点位置,[J2, -JB],,,,長期,,短期,,,,
,Df=1000[mm],,D=600[mm],dtx=100[mm],,支,決定ｹｰｽ,,L,,L+S,,,,
σケース：L(支持用),,,,dty=100[mm],,持,Nmax,,606,,633,,,,
,,,,,,力,Wf,,60,,60,,,,
,,,,,,検,Nmax + Wf,,666,,693,,,,
,,,,,,討,付加曲げMx,,,,,,,,
,,,,,,,付加曲げMy,,,,,,,,
,,,,,,,σmax,,222,,231,,,,
,,,,,,,qa,,250,,500,,,,
,,,,,,,検定比,,0.89  OK,,0.47  OK,,,,
,,,,,,方向,,,X,Y,X,Y,,,
,,,,,,基,曲,決定ｹｰｽ,L,L,L+S,L+S,,,
,,,,,,礎,げ,付加曲げ,,,,,,,
,,,,,,断,,設計Md,10,140,10,146,,,
,,,,,,面,,ld,,,,,,,
,,,,,,算,,設計配筋,11-D16,11-D16,11-D16,11-D16,,,
,,,,,,定,,許容Ma,187,187,282,282,,,
,,,,,,,,検定比,0.05  OK,0.75  OK,0.04  OK,0.52  OK,,,
,,,,,,,せ,決定ｹｰｽ,L,L,L+S,L+S,,,
,,,,,,,ん,付加曲げ,,,,,,,
,,,,,,,断,設計Qd,106,238,111,248,,,
,,,,,,,,設計τ,0.09,0.55,0.09,0.57,,,
,,,,,,,,許容τ,0.7,0.7,1.05,1.05,,,
,,,,,,,,検定比,0.12  OK,0.78  OK,0.09  OK,0.54  OK,,,
,,,,,,,パン,決定ｹｰｽ,L,,L+S,,,,
,,,,,,,チング,設計Qpd,374,,391,,,,
,,,,,,,,許容Qpa,919,,1379,,,,
,,,,,,,,検定比,0.41  OK,,0.29  OK,,<RE>,,
,,,,,,,,,,,,,,,
,,,,,,,,,,,,,,,
name=基礎設計用軸力表（グリッド形式）,tab=独立基礎 [kN],層=1SL,,,,,,,,,,,,,
,,J1,J2,J3,,,,,,,,,,,
<data>,,,,,,,,,,,,,,,
JE,L,212.3,387.1,218,,,,,,,,,,,
,L+S,219,401.1,224.7,,,,,,,,,,,
,L+Wx,177.9,362.9,231.4,,,,,,,,,,,
,L-Wx,225.7,362.9,183.6,,,,,,,,,,,
,L+Wy,216.5,386.3,222.3,,,,,,,,,,,
,L-Wy,191.2,349.3,196.9,,,,,,,,,,,
,L+Ex,177.2,387.1,253.1,,,,,,,,,,,
,L-Ex,247.4,387.1,183,,,,,,,,,,,
,L+Ey,246.9,429.5,252.7,,,,,,,,,,,
,L-Ey,177.7,344.7,183.4,,,,,,,,,,,
JD,L,385.7,594.1,413.9,,,,,,,,,,,
,L+S,399.6,622.4,427.7,,,,,,,,,,,
,L+Wx,337.4,544.9,418.5,,,,,,,,,,,
,L-Wx,390.3,544.9,365.5,,,,,,,,,,,
,L+Wy,368.6,561.2,396.7,,,,,,,,,,,
,L-Wy,360.1,540.3,388.3,,,,,,,,,,,
,L+Ex,352,594.1,447.6,,,,,,,,,,,
,L-Ex,419.4,594.1,380.2,,,,,,,,,,,
,L+Ey,375.4,580,403.7,,,,,,,,,,,
,L-Ey,396,608.1,424,,,,,,,,,,,
JC,L,381.7,566.2,355.2,,,,,,,,,,,
,L+S,394.9,593.5,368.4,,,,,,,,,,,
,L+Wx,335,519,360.7,,,,,,,,,,,
,L-Wx,387.2,519,308.5,,,,,,,,,,,
,L+Wy,368.8,539,342.3,,,,,,,,,,,
,L-Wy,355.1,511,328.6,,,,,,,,,,,
,L+Ex,346.9,566.2,390,,,,,,,,,,,
,L-Ex,416.5,566.2,320.4,,,,,,,,,,,
,L+Ey,382.7,567.3,356.2,,,,,,,,,,,
,L-Ey,380.7,565,354.2,,,,,,,,,,,
JB,L,411.7,605.5,386,,,,,,,,,,,
,L+S,425,632.9,399.3,,,,,,,,,,,
,L+Wx,364.6,557.9,391.1,,,,,,,,,,,
,L-Wx,416.8,557.9,338.9,,,,,,,,,,,
,L+Wy,401.1,582,375.3,,,,,,,,,,,
,L-Wy,382.8,547.5,357.1,,,,,,,,,,,
,L+Ex,376,605.5,421.6,,,,,,,,,,,
,L-Ex,447.3,605.5,350.3,,,,,,,,,,,
,L+Ey,420.9,618.2,395.1,,,,,,,,,,,
,L-Ey,402.4,592.8,376.8,,,,,,,,,,,
JA,L,235,432.6,235.9,,,,,,,,,,,
,L+S,241.4,446.2,242.4,,,,,,,,,,,
,L+Wx,202.2,409.1,248.3,,,,,,,,,,,
,L-Wx,247.3,409.1,203.2,,,,,,,,,,,
,L+Wy,217.6,405.6,218.6,,,,,,,,,,,
,L-Wy,229.6,414.7,230.6,,,,,,,,,,,
,L+Ex,200.5,432.6,270.4,,,,,,,,,,,
,L-Ex,269.4,432.6,201.5,,,,,,,,,,,
,L+Ey,200.4,390.3,201.3,,,,,,,,,,,
,L-Ey,269.5,474.8,270.6,,,,,,,,,,,
,,,,,,,,,,,,,,,
,,,,,,,,,,,,,,,
name=基礎設計用軸力表（グリッド形式）,tab=布基礎 [kN],層=1SL,,,,,,,,,,,,,
J1,J2,J3,,,,,,,,,,,,,
,,,,,,,,,,,,,,,
,,,,,,,,,,,,,,,
name=支持力検討用軸力表（グリッド形式）,tab=独立基礎 [kN],層=1SL,,,,,,,,,,,,,
,,J1,J2,J3,,,,,,,,,,,
<data>,,,,,,,,,,,,,,,
JE,L,252.3,427.1,258,,,,,,,,,,,
,L+S,259,441.1,264.7,,,,,,,,,,,
,L+Wx,217.9,402.9,271.4,,,,,,,,,,,
,L-Wx,265.7,402.9,223.6,,,,,,,,,,,
,L+Wy,256.5,426.3,262.3,,,,,,,,,,,
,L-Wy,231.2,389.3,236.9,,,,,,,,,,,
,L+Ex,217.2,427.1,293.1,,,,,,,,,,,
,L-Ex,287.4,427.1,223,,,,,,,,,,,
,L+Ey,286.9,469.5,292.7,,,,,,,,,,,
,L-Ey,217.7,384.7,223.4,,,,,,,,,,,
JD,L,425.7,654.1,453.9,,,,,,,,,,,
,L+S,439.6,682.4,467.7,,,,,,,,,,,
,L+Wx,377.4,604.9,458.5,,,,,,,,,,,
,L-Wx,430.3,604.9,405.5,,,,,,,,,,,
,L+Wy,408.6,621.2,436.7,,,,,,,,,,,
,L-Wy,400.1,600.3,428.3,,,,,,,,,,,
,L+Ex,392,654.1,487.6,,,,,,,,,,,
,L-Ex,459.4,654.1,420.2,,,,,,,,,,,
,L+Ey,415.4,640,443.7,,,,,,,,,,,
,L-Ey,436,668.1,464,,,,,,,,,,,
JC,L,421.7,626.2,395.2,,,,,,,,,,,
,L+S,434.9,653.5,408.4,,,,,,,,,,,
,L+Wx,375,579,400.7,,,,,,,,,,,
,L-Wx,427.2,579,348.5,,,,,,,,,,,
,L+Wy,408.8,599,382.3,,,,,,,,,,,
,L-Wy,395.1,571,368.6,,,,,,,,,,,
,L+Ex,386.9,626.2,430,,,,,,,,,,,
,L-Ex,456.5,626.2,360.4,,,,,,,,,,,
,L+Ey,422.7,627.3,396.2,,,,,,,,,,,
,L-Ey,420.7,625,394.2,,,,,,,,,,,
JB,L,451.7,665.5,426,,,,,,,,,,,
,L+S,465,692.9,439.3,,,,,,,,,,,
,L+Wx,404.6,617.9,431.1,,,,,,,,,,,
,L-Wx,456.8,617.9,378.9,,,,,,,,,,,
,L+Wy,441.1,642,415.3,,,,,,,,,,,
,L-Wy,422.8,607.5,397.1,,,,,,,,,,,
,L+Ex,416,665.5,461.6,,,,,,,,,,,
,L-Ex,487.3,665.5,390.3,,,,,,,,,,,
,L+Ey,460.9,678.2,435.1,,,,,,,,,,,
,L-Ey,442.4,652.8,416.8,,,,,,,,,,,
JA,L,275,472.6,275.9,,,,,,,,,,,
,L+S,281.4,486.2,282.4,,,,,,,,,,,
,L+Wx,242.2,449.1,288.3,,,,,,,,,,,
,L-Wx,287.3,449.1,243.2,,,,,,,,,,,
,L+Wy,257.6,445.6,258.6,,,,,,,,,,,
,L-Wy,269.6,454.7,270.6,,,,,,,,,,,
,L+Ex,240.5,472.6,310.4,,,,,,,,,,,
,L-Ex,309.4,472.6,241.5,,,,,,,,,,,
,L+Ey,240.4,430.3,241.3,,,,,,,,,,,
,L-Ey,309.5,514.8,310.6,,,,,,,,,,,
,,,,,,,,,,,,,,,
,,,,,,,,,,,,,,,
name=支持力検討用軸力表（グリッド形式）,tab=布基礎 [kN],層=1SL,,,,,,,,,,,,,
J1,J2,J3,,,,,,,,,,,,,
